horizon,anchor_mode,level,stratum_type,stratum,observations,conditional_coverage,coverage_error
1,historical_peak,0.8,regime,0,100,0.87,0.06999999999999995
1,historical_peak,0.8,regime,3,1052,0.7699619771863118,-0.03003802281368828
1,historical_peak,0.8,regime,4,49,0.8163265306122449,0.01632653061224487
1,historical_peak,0.8,volatility_bin,0,267,0.7490636704119851,-0.05093632958801497
1,historical_peak,0.8,volatility_bin,1,319,0.7931034482758621,-0.006896551724137945
1,historical_peak,0.8,volatility_bin,2,615,0.7869918699186992,-0.013008130081300862
1,historical_peak,0.8,current_drawdown_bin,0,790,0.7772151898734178,-0.02278481012658229
1,historical_peak,0.8,current_drawdown_bin,1,385,0.7818181818181819,-0.018181818181818188
1,historical_peak,0.8,current_drawdown_bin,2,26,0.8461538461538461,0.0461538461538461
1,historical_peak,0.9,regime,0,100,0.91,0.010000000000000009
1,historical_peak,0.9,regime,3,1052,0.8745247148288974,-0.025475285171102646
1,historical_peak,0.9,regime,4,49,0.9387755102040817,0.038775510204081653
1,historical_peak,0.9,volatility_bin,0,267,0.8614232209737828,-0.038576779026217256
1,historical_peak,0.9,volatility_bin,1,319,0.8808777429467085,-0.019122257053291514
1,historical_peak,0.9,volatility_bin,2,615,0.8878048780487805,-0.012195121951219523
1,historical_peak,0.9,current_drawdown_bin,0,790,0.8708860759493671,-0.029113924050632956
1,historical_peak,0.9,current_drawdown_bin,1,385,0.8987012987012987,-0.0012987012987013546
1,historical_peak,0.9,current_drawdown_bin,2,26,0.8846153846153846,-0.015384615384615441
1,historical_peak,0.95,regime,0,100,0.98,0.030000000000000027
1,historical_peak,0.95,regime,3,1052,0.9572243346007605,0.007224334600760551
1,historical_peak,0.95,regime,4,49,0.9795918367346939,0.0295918367346939
1,historical_peak,0.95,volatility_bin,0,267,0.9662921348314607,0.016292134831460747
1,historical_peak,0.95,volatility_bin,1,319,0.9561128526645768,0.00611285266457684
1,historical_peak,0.95,volatility_bin,2,615,0.959349593495935,0.009349593495935005
1,historical_peak,0.95,current_drawdown_bin,0,790,0.9569620253164557,0.006962025316455733
1,historical_peak,0.95,current_drawdown_bin,1,385,0.9662337662337662,0.016233766233766267
1,historical_peak,0.95,current_drawdown_bin,2,26,0.9615384615384616,0.011538461538461608
1,historical_peak,0.99,regime,0,100,1.0,0.010000000000000009
1,historical_peak,0.99,regime,3,1052,0.997148288973384,0.007148288973384043
1,historical_peak,0.99,regime,4,49,1.0,0.010000000000000009
1,historical_peak,0.99,volatility_bin,0,267,0.9962546816479401,0.006254681647940075
1,historical_peak,0.99,volatility_bin,1,319,1.0,0.010000000000000009
1,historical_peak,0.99,volatility_bin,2,615,0.9967479674796748,0.006747967479674766
1,historical_peak,0.99,current_drawdown_bin,0,790,0.9962025316455696,0.006202531645569609
1,historical_peak,0.99,current_drawdown_bin,1,385,1.0,0.010000000000000009
1,historical_peak,0.99,current_drawdown_bin,2,26,1.0,0.010000000000000009
1,origin_peak,0.8,regime,0,100,0.88,0.07999999999999996
1,origin_peak,0.8,regime,3,1052,0.7652091254752852,-0.034790874524714854
1,origin_peak,0.8,regime,4,49,0.8163265306122449,0.01632653061224487
1,origin_peak,0.8,volatility_bin,0,267,0.7528089887640449,-0.04719101123595515
1,origin_peak,0.8,volatility_bin,1,319,0.774294670846395,-0.025705329153605017
1,origin_peak,0.8,volatility_bin,2,615,0.7886178861788617,-0.011382113821138296
1,origin_peak,0.8,current_drawdown_bin,0,790,0.7683544303797468,-0.03164556962025322
1,origin_peak,0.8,current_drawdown_bin,1,385,0.7896103896103897,-0.010389610389610393
1,origin_peak,0.8,current_drawdown_bin,2,26,0.8461538461538461,0.0461538461538461
1,origin_peak,0.9,regime,0,100,0.91,0.010000000000000009
1,origin_peak,0.9,regime,3,1052,0.876425855513308,-0.02357414448669204
1,origin_peak,0.9,regime,4,49,0.9387755102040817,0.038775510204081653
1,origin_peak,0.9,volatility_bin,0,267,0.8951310861423221,-0.004868913857677959
1,origin_peak,0.9,volatility_bin,1,319,0.877742946708464,-0.022257053291536044
1,origin_peak,0.9,volatility_bin,2,615,0.8780487804878049,-0.02195121951219514
1,origin_peak,0.9,current_drawdown_bin,0,790,0.8784810126582279,-0.021518987341772156
1,origin_peak,0.9,current_drawdown_bin,1,385,0.8883116883116883,-0.011688311688311748
1,origin_peak,0.9,current_drawdown_bin,2,26,0.8846153846153846,-0.015384615384615441
1,origin_peak,0.95,regime,0,100,0.99,0.040000000000000036
1,origin_peak,0.95,regime,3,1052,0.9610266159695817,0.011026615969581766
1,origin_peak,0.95,regime,4,49,0.9795918367346939,0.0295918367346939
1,origin_peak,0.95,volatility_bin,0,267,0.9662921348314607,0.016292134831460747
1,origin_peak,0.95,volatility_bin,1,319,0.9655172413793104,0.015517241379310431
1,origin_peak,0.95,volatility_bin,2,615,0.9626016260162602,0.012601626016260248
1,origin_peak,0.95,current_drawdown_bin,0,790,0.9632911392405064,0.0132911392405064
1,origin_peak,0.95,current_drawdown_bin,1,385,0.9662337662337662,0.016233766233766267
1,origin_peak,0.95,current_drawdown_bin,2,26,0.9615384615384616,0.011538461538461608
1,origin_peak,0.99,regime,0,100,1.0,0.010000000000000009
1,origin_peak,0.99,regime,3,1052,0.997148288973384,0.007148288973384043
1,origin_peak,0.99,regime,4,49,1.0,0.010000000000000009
1,origin_peak,0.99,volatility_bin,0,267,0.9962546816479401,0.006254681647940075
1,origin_peak,0.99,volatility_bin,1,319,1.0,0.010000000000000009
1,origin_peak,0.99,volatility_bin,2,615,0.9967479674796748,0.006747967479674766
1,origin_peak,0.99,current_drawdown_bin,0,790,0.9962025316455696,0.006202531645569609
1,origin_peak,0.99,current_drawdown_bin,1,385,1.0,0.010000000000000009
1,origin_peak,0.99,current_drawdown_bin,2,26,1.0,0.010000000000000009
5,historical_peak,0.8,regime,0,100,0.82,0.019999999999999907
5,historical_peak,0.8,regime,3,1048,0.7662213740458015,-0.03377862595419856
5,historical_peak,0.8,regime,4,49,0.9795918367346939,0.1795918367346938
5,historical_peak,0.8,volatility_bin,0,260,0.8153846153846154,0.01538461538461533
5,historical_peak,0.8,volatility_bin,1,322,0.7670807453416149,-0.03291925465838519
5,historical_peak,0.8,volatility_bin,2,615,0.7707317073170732,-0.029268292682926855
5,historical_peak,0.8,current_drawdown_bin,0,787,0.7598475222363406,-0.04015247776365949
5,historical_peak,0.8,current_drawdown_bin,1,385,0.8207792207792208,0.020779220779220786
5,historical_peak,0.8,current_drawdown_bin,2,25,0.76,-0.040000000000000036
5,historical_peak,0.9,regime,0,100,0.93,0.030000000000000027
5,historical_peak,0.9,regime,3,1048,0.916030534351145,0.016030534351144987
5,historical_peak,0.9,regime,4,49,1.0,0.09999999999999998
5,historical_peak,0.9,volatility_bin,0,260,0.9538461538461539,0.05384615384615388
5,historical_peak,0.9,volatility_bin,1,322,0.9161490683229814,0.016149068322981353
5,historical_peak,0.9,volatility_bin,2,615,0.9089430894308943,0.00894308943089428
5,historical_peak,0.9,current_drawdown_bin,0,787,0.9135959339263025,0.013595933926302428
5,historical_peak,0.9,current_drawdown_bin,1,385,0.9376623376623376,0.03766233766233762
5,historical_peak,0.9,current_drawdown_bin,2,25,0.88,-0.020000000000000018
5,historical_peak,0.95,regime,0,100,0.96,0.010000000000000009
5,historical_peak,0.95,regime,3,1048,0.9618320610687023,0.011832061068702382
5,historical_peak,0.95,regime,4,49,1.0,0.050000000000000044
5,historical_peak,0.95,volatility_bin,0,260,0.9769230769230769,0.02692307692307694
5,historical_peak,0.95,volatility_bin,1,322,0.9596273291925466,0.009627329192546608
5,historical_peak,0.95,volatility_bin,2,615,0.959349593495935,0.009349593495935005
5,historical_peak,0.95,current_drawdown_bin,0,787,0.9555273189326556,0.005527318932655678
5,historical_peak,0.95,current_drawdown_bin,1,385,0.9818181818181818,0.03181818181818186
5,historical_peak,0.95,current_drawdown_bin,2,25,0.92,-0.029999999999999916
5,historical_peak,0.99,regime,0,100,1.0,0.010000000000000009
5,historical_peak,0.99,regime,3,1048,0.9933206106870229,0.00332061068702294
5,historical_peak,0.99,regime,4,49,1.0,0.010000000000000009
5,historical_peak,0.99,volatility_bin,0,260,0.9807692307692307,-0.009230769230769265
5,historical_peak,0.99,volatility_bin,1,322,1.0,0.010000000000000009
5,historical_peak,0.99,volatility_bin,2,615,0.9967479674796748,0.006747967479674766
5,historical_peak,0.99,current_drawdown_bin,0,787,0.9911054637865311,0.0011054637865310912
5,historical_peak,0.99,current_drawdown_bin,1,385,1.0,0.010000000000000009
5,historical_peak,0.99,current_drawdown_bin,2,25,1.0,0.010000000000000009
5,origin_peak,0.8,regime,0,100,0.85,0.04999999999999993
5,origin_peak,0.8,regime,3,1048,0.8282442748091603,0.028244274809160252
5,origin_peak,0.8,regime,4,49,0.9795918367346939,0.1795918367346938
5,origin_peak,0.8,volatility_bin,0,260,0.9153846153846154,0.11538461538461531
5,origin_peak,0.8,volatility_bin,1,322,0.8385093167701864,0.03850931677018632
5,origin_peak,0.8,volatility_bin,2,615,0.8016260162601626,0.001626016260162566
5,origin_peak,0.8,current_drawdown_bin,0,787,0.8462515883100381,0.04625158831003806
5,origin_peak,0.8,current_drawdown_bin,1,385,0.8181818181818182,0.018181818181818188
5,origin_peak,0.8,current_drawdown_bin,2,25,0.8,0.0
5,origin_peak,0.9,regime,0,100,0.95,0.04999999999999993
5,origin_peak,0.9,regime,3,1048,0.9103053435114504,0.010305343511450404
5,origin_peak,0.9,regime,4,49,1.0,0.09999999999999998
5,origin_peak,0.9,volatility_bin,0,260,0.9653846153846154,0.06538461538461537
5,origin_peak,0.9,volatility_bin,1,322,0.906832298136646,0.006832298136645987
5,origin_peak,0.9,volatility_bin,2,615,0.9024390243902439,0.0024390243902439046
5,origin_peak,0.9,current_drawdown_bin,0,787,0.9174078780177891,0.01740787801778909
5,origin_peak,0.9,current_drawdown_bin,1,385,0.9168831168831169,0.016883116883116833
5,origin_peak,0.9,current_drawdown_bin,2,25,0.92,0.020000000000000018
5,origin_peak,0.95,regime,0,100,0.95,0.0
5,origin_peak,0.95,regime,3,1048,0.9608778625954199,0.010877862595419896
5,origin_peak,0.95,regime,4,49,1.0,0.050000000000000044
5,origin_peak,0.95,volatility_bin,0,260,0.9769230769230769,0.02692307692307694
5,origin_peak,0.95,volatility_bin,1,322,0.9565217391304348,0.006521739130434856
5,origin_peak,0.95,volatility_bin,2,615,0.9577235772357724,0.007723577235772439
5,origin_peak,0.95,current_drawdown_bin,0,787,0.9542566709021602,0.004256670902160198
5,origin_peak,0.95,current_drawdown_bin,1,385,0.9792207792207792,0.02922077922077926
5,origin_peak,0.95,current_drawdown_bin,2,25,0.92,-0.029999999999999916
5,origin_peak,0.99,regime,0,100,1.0,0.010000000000000009
5,origin_peak,0.99,regime,3,1048,0.9923664122137404,0.002366412213740454
5,origin_peak,0.99,regime,4,49,1.0,0.010000000000000009
5,origin_peak,0.99,volatility_bin,0,260,0.9769230769230769,-0.013076923076923097
5,origin_peak,0.99,volatility_bin,1,322,1.0,0.010000000000000009
5,origin_peak,0.99,volatility_bin,2,615,0.9967479674796748,0.006747967479674766
5,origin_peak,0.99,current_drawdown_bin,0,787,0.9898348157560356,-0.00016518424396438913
5,origin_peak,0.99,current_drawdown_bin,1,385,1.0,0.010000000000000009
5,origin_peak,0.99,current_drawdown_bin,2,25,1.0,0.010000000000000009
10,historical_peak,0.8,regime,0,100,0.85,0.04999999999999993
10,historical_peak,0.8,regime,3,1043,0.800575263662512,0.0005752636625119267
10,historical_peak,0.8,regime,4,49,1.0,0.19999999999999996
10,historical_peak,0.8,volatility_bin,0,257,0.8482490272373541,0.048249027237354025
10,historical_peak,0.8,volatility_bin,1,326,0.7668711656441718,-0.03312883435582825
10,historical_peak,0.8,volatility_bin,2,609,0.8226600985221675,0.022660098522167438
10,historical_peak,0.8,current_drawdown_bin,0,785,0.7859872611464969,-0.014012738853503182
10,historical_peak,0.8,current_drawdown_bin,1,382,0.8664921465968587,0.06649214659685865
10,historical_peak,0.8,current_drawdown_bin,2,25,0.84,0.039999999999999925
10,historical_peak,0.9,regime,0,100,0.84,-0.06000000000000005
10,historical_peak,0.9,regime,3,1043,0.9185043144774688,0.01850431447746881
10,historical_peak,0.9,regime,4,49,1.0,0.09999999999999998
10,historical_peak,0.9,volatility_bin,0,257,0.953307392996109,0.05330739299610898
10,historical_peak,0.9,volatility_bin,1,326,0.9049079754601227,0.004907975460122671
10,historical_peak,0.9,volatility_bin,2,609,0.9047619047619048,0.004761904761904745
10,historical_peak,0.9,current_drawdown_bin,0,785,0.9044585987261147,0.004458598726114649
10,historical_peak,0.9,current_drawdown_bin,1,382,0.9424083769633508,0.04240837696335076
10,historical_peak,0.9,current_drawdown_bin,2,25,0.84,-0.06000000000000005
10,historical_peak,0.95,regime,0,100,1.0,0.050000000000000044
10,historical_peak,0.95,regime,3,1043,0.9587727708533078,0.008772770853307854
10,historical_peak,0.95,regime,4,49,1.0,0.050000000000000044
10,historical_peak,0.95,volatility_bin,0,257,0.9571984435797666,0.007198443579766622
10,historical_peak,0.95,volatility_bin,1,326,0.9693251533742331,0.01932515337423313
10,historical_peak,0.95,volatility_bin,2,609,0.9638752052545156,0.013875205254515688
10,historical_peak,0.95,current_drawdown_bin,0,785,0.9554140127388535,0.0054140127388535575
10,historical_peak,0.95,current_drawdown_bin,1,382,0.9790575916230366,0.02905759162303667
10,historical_peak,0.95,current_drawdown_bin,2,25,1.0,0.050000000000000044
10,historical_peak,0.99,regime,0,100,1.0,0.010000000000000009
10,historical_peak,0.99,regime,3,1043,0.9904122722914669,0.0004122722914668975
10,historical_peak,0.99,regime,4,49,1.0,0.010000000000000009
10,historical_peak,0.99,volatility_bin,0,257,0.9649805447470817,-0.025019455252918266
10,historical_peak,0.99,volatility_bin,1,326,0.9969325153374233,0.0069325153374233395
10,historical_peak,0.99,volatility_bin,2,609,1.0,0.010000000000000009
10,historical_peak,0.99,current_drawdown_bin,0,785,0.9872611464968153,-0.0027388535031847017
10,historical_peak,0.99,current_drawdown_bin,1,382,1.0,0.010000000000000009
10,historical_peak,0.99,current_drawdown_bin,2,25,1.0,0.010000000000000009
10,origin_peak,0.8,regime,0,100,0.87,0.06999999999999995
10,origin_peak,0.8,regime,3,1043,0.7996164908916586,-0.0003835091083413955
10,origin_peak,0.8,regime,4,49,1.0,0.19999999999999996
10,origin_peak,0.8,volatility_bin,0,257,0.8521400778210116,0.0521400778210116
10,origin_peak,0.8,volatility_bin,1,326,0.7638036809815951,-0.03619631901840492
10,origin_peak,0.8,volatility_bin,2,609,0.8243021346469622,0.02430213464696218
10,origin_peak,0.8,current_drawdown_bin,0,785,0.7885350318471338,-0.01146496815286624
10,origin_peak,0.8,current_drawdown_bin,1,382,0.8638743455497382,0.06387434554973814
10,origin_peak,0.8,current_drawdown_bin,2,25,0.84,0.039999999999999925
10,origin_peak,0.9,regime,0,100,0.84,-0.06000000000000005
10,origin_peak,0.9,regime,3,1043,0.9232981783317353,0.02329817833173531
10,origin_peak,0.9,regime,4,49,1.0,0.09999999999999998
10,origin_peak,0.9,volatility_bin,0,257,0.953307392996109,0.05330739299610898
10,origin_peak,0.9,volatility_bin,1,326,0.9233128834355828,0.0233128834355828
10,origin_peak,0.9,volatility_bin,2,609,0.90311986863711,0.0031198686371100015
10,origin_peak,0.9,current_drawdown_bin,0,785,0.910828025477707,0.010828025477707004
10,origin_peak,0.9,current_drawdown_bin,1,382,0.9424083769633508,0.04240837696335076
10,origin_peak,0.9,current_drawdown_bin,2,25,0.84,-0.06000000000000005
10,origin_peak,0.95,regime,0,100,1.0,0.050000000000000044
10,origin_peak,0.95,regime,3,1043,0.9587727708533078,0.008772770853307854
10,origin_peak,0.95,regime,4,49,1.0,0.050000000000000044
10,origin_peak,0.95,volatility_bin,0,257,0.9571984435797666,0.007198443579766622
10,origin_peak,0.95,volatility_bin,1,326,0.9631901840490797,0.01319018404907979
10,origin_peak,0.95,volatility_bin,2,609,0.9671592775041051,0.017159277504105175
10,origin_peak,0.95,current_drawdown_bin,0,785,0.9554140127388535,0.0054140127388535575
10,origin_peak,0.95,current_drawdown_bin,1,382,0.9790575916230366,0.02905759162303667
10,origin_peak,0.95,current_drawdown_bin,2,25,1.0,0.050000000000000044
10,origin_peak,0.99,regime,0,100,1.0,0.010000000000000009
10,origin_peak,0.99,regime,3,1043,0.9884947267497604,-0.001505273250239636
10,origin_peak,0.99,regime,4,49,1.0,0.010000000000000009
10,origin_peak,0.99,volatility_bin,0,257,0.9571984435797666,-0.03280155642023341
10,origin_peak,0.99,volatility_bin,1,326,0.9969325153374233,0.0069325153374233395
10,origin_peak,0.99,volatility_bin,2,609,1.0,0.010000000000000009
10,origin_peak,0.99,current_drawdown_bin,0,785,0.9847133757961783,-0.005286624203821644
10,origin_peak,0.99,current_drawdown_bin,1,382,1.0,0.010000000000000009
10,origin_peak,0.99,current_drawdown_bin,2,25,1.0,0.010000000000000009
20,historical_peak,0.8,regime,0,100,0.62,-0.18000000000000005
20,historical_peak,0.8,regime,3,1033,0.7928363988383349,-0.007163601161665145
20,historical_peak,0.8,regime,4,49,1.0,0.19999999999999996
20,historical_peak,0.8,volatility_bin,0,257,0.7782101167315175,-0.021789883268482524
20,historical_peak,0.8,volatility_bin,1,321,0.8193146417445483,0.019314641744548222
20,historical_peak,0.8,volatility_bin,2,604,0.7731788079470199,-0.02682119205298017
20,historical_peak,0.8,current_drawdown_bin,0,775,0.7535483870967742,-0.04645161290322586
20,historical_peak,0.8,current_drawdown_bin,1,382,0.8638743455497382,0.06387434554973814
20,historical_peak,0.8,current_drawdown_bin,2,25,0.64,-0.16000000000000003
20,historical_peak,0.9,regime,0,100,0.7,-0.20000000000000007
20,historical_peak,0.9,regime,3,1033,0.9119070667957405,0.011907066795740495
20,historical_peak,0.9,regime,4,49,1.0,0.09999999999999998
20,historical_peak,0.9,volatility_bin,0,257,0.8871595330739299,-0.012840466926070104
20,historical_peak,0.9,volatility_bin,1,321,0.9345794392523364,0.03457943925233642
20,historical_peak,0.9,volatility_bin,2,604,0.8824503311258278,-0.017549668874172197
20,historical_peak,0.9,current_drawdown_bin,0,775,0.8877419354838709,-0.012258064516129097
20,historical_peak,0.9,current_drawdown_bin,1,382,0.9319371727748691,0.03193717277486907
20,historical_peak,0.9,current_drawdown_bin,2,25,0.68,-0.21999999999999997
20,historical_peak,0.95,regime,0,100,0.98,0.030000000000000027
20,historical_peak,0.95,regime,3,1033,0.9428848015488868,-0.007115198451113192
20,historical_peak,0.95,regime,4,49,1.0,0.050000000000000044
20,historical_peak,0.95,volatility_bin,0,257,0.9221789883268483,-0.027821011673151652
20,historical_peak,0.95,volatility_bin,1,321,0.9470404984423676,-0.0029595015576323602
20,historical_peak,0.95,volatility_bin,2,604,0.9602649006622517,0.01026490066225172
20,historical_peak,0.95,current_drawdown_bin,0,775,0.9290322580645162,-0.020967741935483786
20,historical_peak,0.95,current_drawdown_bin,1,382,0.9842931937172775,0.03429319371727757
20,historical_peak,0.95,current_drawdown_bin,2,25,1.0,0.050000000000000044
20,historical_peak,0.99,regime,0,100,1.0,0.010000000000000009
20,historical_peak,0.99,regime,3,1033,0.9835430784123911,-0.00645692158760891
20,historical_peak,0.99,regime,4,49,1.0,0.010000000000000009
20,historical_peak,0.99,volatility_bin,0,257,0.933852140077821,-0.056147859922178966
20,historical_peak,0.99,volatility_bin,1,321,1.0,0.010000000000000009
20,historical_peak,0.99,volatility_bin,2,604,1.0,0.010000000000000009
20,historical_peak,0.99,current_drawdown_bin,0,775,0.9780645161290322,-0.011935483870967767
20,historical_peak,0.99,current_drawdown_bin,1,382,1.0,0.010000000000000009
20,historical_peak,0.99,current_drawdown_bin,2,25,1.0,0.010000000000000009
20,origin_peak,0.8,regime,0,100,0.51,-0.29000000000000004
20,origin_peak,0.8,regime,3,1033,0.8499515972894482,0.0499515972894482
20,origin_peak,0.8,regime,4,49,1.0,0.19999999999999996
20,origin_peak,0.8,volatility_bin,0,257,0.8404669260700389,0.04046692607003888
20,origin_peak,0.8,volatility_bin,1,321,0.8722741433021807,0.07227414330218063
20,origin_peak,0.8,volatility_bin,2,604,0.7980132450331126,-0.001986754966887494
20,origin_peak,0.8,current_drawdown_bin,0,775,0.8103225806451613,0.010322580645161228
20,origin_peak,0.8,current_drawdown_bin,1,382,0.8900523560209425,0.09005235602094241
20,origin_peak,0.8,current_drawdown_bin,2,25,0.4,-0.4
20,origin_peak,0.9,regime,0,100,0.67,-0.22999999999999998
20,origin_peak,0.9,regime,3,1033,0.9109390125847048,0.010939012584704755
20,origin_peak,0.9,regime,4,49,1.0,0.09999999999999998
20,origin_peak,0.9,volatility_bin,0,257,0.9027237354085603,0.0027237354085603016
20,origin_peak,0.9,volatility_bin,1,321,0.9314641744548287,0.03146417445482863
20,origin_peak,0.9,volatility_bin,2,604,0.8708609271523179,-0.029139072847682135
20,origin_peak,0.9,current_drawdown_bin,0,775,0.88,-0.020000000000000018
20,origin_peak,0.9,current_drawdown_bin,1,382,0.9397905759162304,0.039790575916230364
20,origin_peak,0.9,current_drawdown_bin,2,25,0.64,-0.26
20,origin_peak,0.95,regime,0,100,0.96,0.010000000000000009
20,origin_peak,0.95,regime,3,1033,0.9428848015488868,-0.007115198451113192
20,origin_peak,0.95,regime,4,49,1.0,0.050000000000000044
20,origin_peak,0.95,volatility_bin,0,257,0.914396887159533,-0.03560311284046691
20,origin_peak,0.95,volatility_bin,1,321,0.9470404984423676,-0.0029595015576323602
20,origin_peak,0.95,volatility_bin,2,604,0.9602649006622517,0.01026490066225172
20,origin_peak,0.95,current_drawdown_bin,0,775,0.9264516129032258,-0.023548387096774204
20,origin_peak,0.95,current_drawdown_bin,1,382,0.9842931937172775,0.03429319371727757
20,origin_peak,0.95,current_drawdown_bin,2,25,1.0,0.050000000000000044
20,origin_peak,0.99,regime,0,100,1.0,0.010000000000000009
20,origin_peak,0.99,regime,3,1033,0.9912875121006777,0.001287512100677679
20,origin_peak,0.99,regime,4,49,1.0,0.010000000000000009
20,origin_peak,0.99,volatility_bin,0,257,0.9649805447470817,-0.025019455252918266
20,origin_peak,0.99,volatility_bin,1,321,1.0,0.010000000000000009
20,origin_peak,0.99,volatility_bin,2,604,1.0,0.010000000000000009
20,origin_peak,0.99,current_drawdown_bin,0,775,0.9883870967741936,-0.001612903225806428
20,origin_peak,0.99,current_drawdown_bin,1,382,1.0,0.010000000000000009
20,origin_peak,0.99,current_drawdown_bin,2,25,1.0,0.010000000000000009
40,historical_peak,0.8,regime,0,100,0.98,0.17999999999999994
40,historical_peak,0.8,regime,3,1013,0.7798617966436328,-0.02013820335636729
40,historical_peak,0.8,regime,4,49,1.0,0.19999999999999996
40,historical_peak,0.8,volatility_bin,0,257,0.7315175097276264,-0.06848249027237363
40,historical_peak,0.8,volatility_bin,1,311,0.7781350482315113,-0.021864951768488794
40,historical_peak,0.8,volatility_bin,2,594,0.8535353535353535,0.053535353535353436
40,historical_peak,0.8,current_drawdown_bin,0,755,0.7589403973509934,-0.041059602649006655
40,historical_peak,0.8,current_drawdown_bin,1,382,0.887434554973822,0.08743455497382191
40,historical_peak,0.8,current_drawdown_bin,2,25,1.0,0.19999999999999996
40,historical_peak,0.9,regime,0,100,0.77,-0.13
40,historical_peak,0.9,regime,3,1013,0.8805528134254689,-0.01944718657453115
40,historical_peak,0.9,regime,4,49,1.0,0.09999999999999998
40,historical_peak,0.9,volatility_bin,0,257,0.8132295719844358,-0.08677042801556423
40,historical_peak,0.9,volatility_bin,1,311,0.8778135048231511,-0.022186495176848897
40,historical_peak,0.9,volatility_bin,2,594,0.9023569023569024,0.002356902356902335
40,historical_peak,0.9,current_drawdown_bin,0,755,0.847682119205298,-0.05231788079470201
40,historical_peak,0.9,current_drawdown_bin,1,382,0.9345549738219895,0.034554973821989465
40,historical_peak,0.9,current_drawdown_bin,2,25,0.84,-0.06000000000000005
40,historical_peak,0.95,regime,0,100,0.93,-0.019999999999999907
40,historical_peak,0.95,regime,3,1013,0.945705824284304,-0.004294175715695903
40,historical_peak,0.95,regime,4,49,1.0,0.050000000000000044
40,historical_peak,0.95,volatility_bin,0,257,0.8715953307392996,-0.07840466926070033
40,historical_peak,0.95,volatility_bin,1,311,0.9389067524115756,-0.011093247588424338
40,historical_peak,0.95,volatility_bin,2,594,0.9831649831649831,0.033164983164983175
40,historical_peak,0.95,current_drawdown_bin,0,755,0.9218543046357616,-0.028145695364238388
40,historical_peak,0.95,current_drawdown_bin,1,382,0.9947643979057592,0.04476439790575926
40,historical_peak,0.95,current_drawdown_bin,2,25,0.96,0.010000000000000009
40,historical_peak,0.99,regime,0,100,1.0,0.010000000000000009
40,historical_peak,0.99,regime,3,1013,1.0,0.010000000000000009
40,historical_peak,0.99,regime,4,49,1.0,0.010000000000000009
40,historical_peak,0.99,volatility_bin,0,257,1.0,0.010000000000000009
40,historical_peak,0.99,volatility_bin,1,311,1.0,0.010000000000000009
40,historical_peak,0.99,volatility_bin,2,594,1.0,0.010000000000000009
40,historical_peak,0.99,current_drawdown_bin,0,755,1.0,0.010000000000000009
40,historical_peak,0.99,current_drawdown_bin,1,382,1.0,0.010000000000000009
40,historical_peak,0.99,current_drawdown_bin,2,25,1.0,0.010000000000000009
40,origin_peak,0.8,regime,0,100,1.0,0.19999999999999996
40,origin_peak,0.8,regime,3,1013,0.8183613030602171,0.018361303060217105
40,origin_peak,0.8,regime,4,49,1.0,0.19999999999999996
40,origin_peak,0.8,volatility_bin,0,257,0.7898832684824902,-0.010116731517509803
40,origin_peak,0.8,volatility_bin,1,311,0.8070739549839229,0.0070739549839228255
40,origin_peak,0.8,volatility_bin,2,594,0.8821548821548821,0.08215488215488209
40,origin_peak,0.8,current_drawdown_bin,0,755,0.8079470198675497,0.007947019867549643
40,origin_peak,0.8,current_drawdown_bin,1,382,0.8979057591623036,0.0979057591623036
40,origin_peak,0.8,current_drawdown_bin,2,25,1.0,0.19999999999999996
40,origin_peak,0.9,regime,0,100,0.85,-0.050000000000000044
40,origin_peak,0.9,regime,3,1013,0.8993089832181639,-0.0006910167818361401
40,origin_peak,0.9,regime,4,49,0.9387755102040817,0.038775510204081653
40,origin_peak,0.9,volatility_bin,0,257,0.8054474708171206,-0.09455252918287937
40,origin_peak,0.9,volatility_bin,1,311,0.8842443729903537,-0.015755627009646278
40,origin_peak,0.9,volatility_bin,2,594,0.9427609427609428,0.04276094276094278
40,origin_peak,0.9,current_drawdown_bin,0,755,0.8675496688741722,-0.03245033112582785
40,origin_peak,0.9,current_drawdown_bin,1,382,0.9633507853403142,0.06335078534031413
40,origin_peak,0.9,current_drawdown_bin,2,25,0.76,-0.14
40,origin_peak,0.95,regime,0,100,0.96,0.010000000000000009
40,origin_peak,0.95,regime,3,1013,0.9358341559723593,-0.01416584402764065
40,origin_peak,0.95,regime,4,49,0.9795918367346939,0.0295918367346939
40,origin_peak,0.95,volatility_bin,0,257,0.8404669260700389,-0.10953307392996103
40,origin_peak,0.95,volatility_bin,1,311,0.932475884244373,-0.017524115755626957
40,origin_peak,0.95,volatility_bin,2,594,0.9865319865319865,0.03653198653198653
40,origin_peak,0.95,current_drawdown_bin,0,755,0.9112582781456954,-0.03874172185430458
40,origin_peak,0.95,current_drawdown_bin,1,382,0.9921465968586387,0.04214659685863875
40,origin_peak,0.95,current_drawdown_bin,2,25,1.0,0.050000000000000044
40,origin_peak,0.99,regime,0,100,1.0,0.010000000000000009
40,origin_peak,0.99,regime,3,1013,1.0,0.010000000000000009
40,origin_peak,0.99,regime,4,49,1.0,0.010000000000000009
40,origin_peak,0.99,volatility_bin,0,257,1.0,0.010000000000000009
40,origin_peak,0.99,volatility_bin,1,311,1.0,0.010000000000000009
40,origin_peak,0.99,volatility_bin,2,594,1.0,0.010000000000000009
40,origin_peak,0.99,current_drawdown_bin,0,755,1.0,0.010000000000000009
40,origin_peak,0.99,current_drawdown_bin,1,382,1.0,0.010000000000000009
40,origin_peak,0.99,current_drawdown_bin,2,25,1.0,0.010000000000000009
60,historical_peak,0.8,regime,0,100,0.65,-0.15000000000000002
60,historical_peak,0.8,regime,3,993,0.7683786505538771,-0.03162134944612294
60,historical_peak,0.8,regime,4,49,1.0,0.19999999999999996
60,historical_peak,0.8,volatility_bin,0,256,0.73046875,-0.06953125000000004
60,historical_peak,0.8,volatility_bin,1,314,0.7165605095541401,-0.08343949044585997
60,historical_peak,0.8,volatility_bin,2,572,0.8129370629370629,0.012937062937062871
60,historical_peak,0.8,current_drawdown_bin,0,726,0.7327823691460055,-0.06721763085399457
60,historical_peak,0.8,current_drawdown_bin,1,391,0.8414322250639387,0.04143222506393862
60,historical_peak,0.8,current_drawdown_bin,2,25,0.64,-0.16000000000000003
60,historical_peak,0.9,regime,0,100,0.84,-0.06000000000000005
60,historical_peak,0.9,regime,3,993,0.8952668680765358,-0.004733131923464251
60,historical_peak,0.9,regime,4,49,1.0,0.09999999999999998
60,historical_peak,0.9,volatility_bin,0,256,0.84375,-0.05625000000000002
60,historical_peak,0.9,volatility_bin,1,314,0.8503184713375797,-0.04968152866242037
60,historical_peak,0.9,volatility_bin,2,572,0.9423076923076923,0.04230769230769227
60,historical_peak,0.9,current_drawdown_bin,0,726,0.8553719008264463,-0.044628099173553704
60,historical_peak,0.9,current_drawdown_bin,1,391,0.9718670076726342,0.07186700767263421
60,historical_peak,0.9,current_drawdown_bin,2,25,0.84,-0.06000000000000005
60,historical_peak,0.95,regime,0,100,0.93,-0.019999999999999907
60,historical_peak,0.95,regime,3,993,0.9838872104733132,0.03388721047331322
60,historical_peak,0.95,regime,4,49,1.0,0.050000000000000044
60,historical_peak,0.95,volatility_bin,0,256,0.95703125,0.007031250000000044
60,historical_peak,0.95,volatility_bin,1,314,0.9840764331210191,0.034076433121019156
60,historical_peak,0.95,volatility_bin,2,572,0.9877622377622378,0.03776223776223786
60,historical_peak,0.95,current_drawdown_bin,0,726,0.9724517906336089,0.022451790633608915
60,historical_peak,0.95,current_drawdown_bin,1,391,0.9948849104859335,0.04488491048593357
60,historical_peak,0.95,current_drawdown_bin,2,25,0.96,0.010000000000000009
60,historical_peak,0.99,regime,0,100,1.0,0.010000000000000009
60,historical_peak,0.99,regime,3,993,1.0,0.010000000000000009
60,historical_peak,0.99,regime,4,49,1.0,0.010000000000000009
60,historical_peak,0.99,volatility_bin,0,256,1.0,0.010000000000000009
60,historical_peak,0.99,volatility_bin,1,314,1.0,0.010000000000000009
60,historical_peak,0.99,volatility_bin,2,572,1.0,0.010000000000000009
60,historical_peak,0.99,current_drawdown_bin,0,726,1.0,0.010000000000000009
60,historical_peak,0.99,current_drawdown_bin,1,391,1.0,0.010000000000000009
60,historical_peak,0.99,current_drawdown_bin,2,25,1.0,0.010000000000000009
60,origin_peak,0.8,regime,0,100,1.0,0.19999999999999996
60,origin_peak,0.8,regime,3,993,0.7663645518630413,-0.033635448136958734
60,origin_peak,0.8,regime,4,49,0.9183673469387755,0.11836734693877549
60,origin_peak,0.8,volatility_bin,0,256,0.65625,-0.14375000000000004
60,origin_peak,0.8,volatility_bin,1,314,0.7101910828025477,-0.08980891719745232
60,origin_peak,0.8,volatility_bin,2,572,0.9003496503496503,0.10034965034965027
60,origin_peak,0.8,current_drawdown_bin,0,726,0.7796143250688705,-0.020385674931129527
60,origin_peak,0.8,current_drawdown_bin,1,391,0.8056265984654731,0.005626598465473087
60,origin_peak,0.8,current_drawdown_bin,2,25,1.0,0.19999999999999996
60,origin_peak,0.9,regime,0,100,0.96,0.05999999999999994
60,origin_peak,0.9,regime,3,993,0.8680765357502518,-0.031923464249748235
60,origin_peak,0.9,regime,4,49,0.8775510204081632,-0.022448979591836782
60,origin_peak,0.9,volatility_bin,0,256,0.7578125,-0.14218750000000002
60,origin_peak,0.9,volatility_bin,1,314,0.8184713375796179,-0.08152866242038215
60,origin_peak,0.9,volatility_bin,2,572,0.9615384615384616,0.06153846153846154
60,origin_peak,0.9,current_drawdown_bin,0,726,0.8305785123966942,-0.0694214876033058
60,origin_peak,0.9,current_drawdown_bin,1,391,0.9539641943734015,0.0539641943734015
60,origin_peak,0.9,current_drawdown_bin,2,25,1.0,0.09999999999999998
60,origin_peak,0.95,regime,0,100,0.98,0.030000000000000027
60,origin_peak,0.95,regime,3,993,0.9808660624370594,0.03086606243705947
60,origin_peak,0.95,regime,4,49,1.0,0.050000000000000044
60,origin_peak,0.95,volatility_bin,0,256,0.953125,0.0031250000000000444
60,origin_peak,0.95,volatility_bin,1,314,0.9777070063694268,0.0277070063694268
60,origin_peak,0.95,volatility_bin,2,572,0.9965034965034965,0.0465034965034965
60,origin_peak,0.95,current_drawdown_bin,0,726,0.9710743801652892,0.021074380165289286
60,origin_peak,0.95,current_drawdown_bin,1,391,1.0,0.050000000000000044
60,origin_peak,0.95,current_drawdown_bin,2,25,1.0,0.050000000000000044
60,origin_peak,0.99,regime,0,100,1.0,0.010000000000000009
60,origin_peak,0.99,regime,3,993,1.0,0.010000000000000009
60,origin_peak,0.99,regime,4,49,1.0,0.010000000000000009
60,origin_peak,0.99,volatility_bin,0,256,1.0,0.010000000000000009
60,origin_peak,0.99,volatility_bin,1,314,1.0,0.010000000000000009
60,origin_peak,0.99,volatility_bin,2,572,1.0,0.010000000000000009
60,origin_peak,0.99,current_drawdown_bin,0,726,1.0,0.010000000000000009
60,origin_peak,0.99,current_drawdown_bin,1,391,1.0,0.010000000000000009
60,origin_peak,0.99,current_drawdown_bin,2,25,1.0,0.010000000000000009
