horizon,anchor_mode,method,threshold,brier_score,log_loss,mean_probability,event_rate,reliability_gap
1,origin_peak,egarch_student_t,0.03,0.024911094088259787,0.12518770107331703,0.01597751873438801,0.025811823480432972,-0.009834304746044964
1,origin_peak,egarch_student_t,0.05,0.0034075947127393843,0.03404099872952034,0.002670691090757702,0.0033305578684429643,-0.0006598667776852624
1,origin_peak,egarch_student_t,0.07,2.1429225645295588e-05,0.000666441159086962,0.0006544546211490425,0.0,0.0006544546211490425
1,origin_peak,egarch_student_t,0.1,1.7768526228143218e-06,0.00012760391680553175,0.00012572855953372193,0.0,0.00012572855953372193
1,origin_peak,residual_block_bootstrap,0.03,0.02486911885928393,0.12312410103158707,0.014629059117402166,0.025811823480432972,-0.011182764363030806
1,origin_peak,residual_block_bootstrap,0.05,0.003403915278934221,0.04001567409697649,0.0023759367194005,0.0033305578684429643,-0.0009546211490424642
1,origin_peak,residual_block_bootstrap,0.07,2.1581390507910075e-05,0.00062039474659643,0.0006082431307243963,0.0,0.0006082431307243963
1,origin_peak,residual_block_bootstrap,0.1,8.857202331390508e-07,8.594791642670564e-05,8.451290591174022e-05,0.0,8.451290591174022e-05
1,origin_peak,hybrid_monte_carlo,0.03,0.024973275603663612,0.12625720895793857,0.012890091590341383,0.025811823480432972,-0.01292173189009159
1,origin_peak,hybrid_monte_carlo,0.05,0.0033982768526228135,0.03994965631897234,0.0021015820149875106,0.0033305578684429643,-0.0012289758534554537
1,origin_peak,hybrid_monte_carlo,0.07,1.3950874271440466e-05,0.0004835602229086116,0.0004754371357202331,0.0,0.0004754371357202331
1,origin_peak,hybrid_monte_carlo,0.1,9.044546211490427e-07,8.345944029106172e-05,8.201498751040799e-05,0.0,8.201498751040799e-05
1,origin_peak,historical_empirical,0.03,0.025263959520956433,0.12173044774001684,0.03669236905078437,0.025811823480432972,0.0108805455703514
1,origin_peak,historical_empirical,0.05,0.0033258103630450665,0.022970866745908085,0.0058495081095453335,0.0033305578684429643,0.0025189502411023692
1,origin_peak,historical_empirical,0.07,7.0695754387679e-08,0.00026592208639616104,0.00026588673225206064,0.0,0.00026588673225206064
1,origin_peak,historical_empirical,0.1,0.0,1.000000500029089e-06,0.0,0.0,0.0
1,origin_peak,hybrid_importance_sampling,0.03,0.024973275603663612,0.12625720895793857,0.012890091590341383,0.025811823480432972,-0.01292173189009159
1,origin_peak,hybrid_importance_sampling,0.05,0.0033982768526228135,0.03994965631897234,0.0021015820149875106,0.0033305578684429643,-0.0012289758534554537
1,origin_peak,hybrid_importance_sampling,0.07,1.3950874271440466e-05,0.0004835602229086116,0.0004754371357202331,0.0,0.0004754371357202331
1,origin_peak,hybrid_importance_sampling,0.1,9.044546211490427e-07,8.345944029106172e-05,8.201498751040799e-05,0.0,8.201498751040799e-05
1,historical_peak,egarch_student_t,0.03,0.02156262073272273,0.07346204565642028,0.8222073272273106,0.8209825145711906,0.0012248126561199557
1,historical_peak,egarch_student_t,0.05,0.021089715237302246,0.06609135146872785,0.7517826810990842,0.7468776019983348,0.004905079100749443
1,historical_peak,egarch_student_t,0.07,0.010445951290591175,0.044863680167667515,0.7067926727726894,0.704412989175687,0.002379683597002469
1,historical_peak,egarch_student_t,0.1,0.0066968701082431295,0.02247742321376362,0.6765745212323064,0.678601165695254,-0.0020266444629475355
1,historical_peak,residual_block_bootstrap,0.03,0.021486011240632808,0.07287857795621133,0.8211923397169025,0.8209825145711906,0.00020982514571188382
1,historical_peak,residual_block_bootstrap,0.05,0.02097507556203164,0.06572309152248551,0.7511411323896753,0.7468776019983348,0.004263530391340531
1,historical_peak,residual_block_bootstrap,0.07,0.010415674854288095,0.04421216336463556,0.7063022481265612,0.704412989175687,0.0018892589508742175
1,historical_peak,residual_block_bootstrap,0.1,0.006756887385512072,0.022854202463802945,0.6763975853455453,0.678601165695254,-0.002203580349708689
1,historical_peak,hybrid_monte_carlo,0.03,0.021549942964196506,0.0735414843604604,0.8199425478767693,0.8209825145711906,-0.0010399666944213015
1,historical_peak,hybrid_monte_carlo,0.05,0.0209494310990841,0.06581357445713351,0.750335137385512,0.7468776019983348,0.003457535387177302
1,historical_peak,hybrid_monte_carlo,0.07,0.010344785595337217,0.04457444747139711,0.705849292256453,0.704412989175687,0.0014363030807660326
1,historical_peak,hybrid_monte_carlo,0.1,0.00673610782681099,0.022664259423643397,0.6759816819317236,0.678601165695254,-0.0026194837635303836
1,historical_peak,historical_empirical,0.03,0.1652347138505204,0.5965287605170853,0.95612868917841,0.8209825145711906,0.13514617460721934
1,historical_peak,historical_empirical,0.05,0.22999212888245535,0.7932736748748572,0.9492156341398564,0.7468776019983348,0.20233803214152168
1,historical_peak,historical_empirical,0.07,0.26342380395207277,0.8726105681750299,0.9393778250465303,0.704412989175687,0.23496483587084338
1,historical_peak,historical_empirical,0.1,0.2802738194975542,0.8961301399485301,0.9279446955596916,0.678601165695254,0.24934352986443764
1,historical_peak,hybrid_importance_sampling,0.03,0.021549942964196506,0.0735414843604604,0.8199425478767693,0.8209825145711906,-0.0010399666944213015
1,historical_peak,hybrid_importance_sampling,0.05,0.0209494310990841,0.06581357445713351,0.750335137385512,0.7468776019983348,0.003457535387177302
1,historical_peak,hybrid_importance_sampling,0.07,0.010344785595337217,0.04457444747139711,0.705849292256453,0.704412989175687,0.0014363030807660326
1,historical_peak,hybrid_importance_sampling,0.1,0.00673610782681099,0.022664259423643397,0.6759816819317236,0.678601165695254,-0.0026194837635303836
5,origin_peak,egarch_student_t,0.03,0.15414987698412697,0.4787709237361413,0.1818324979114453,0.19548872180451127,-0.013656223893065977
5,origin_peak,egarch_student_t,0.05,0.07451686111111111,0.3334157984961573,0.05456766917293233,0.0785296574770259,-0.023961988304093566
5,origin_peak,egarch_student_t,0.07,0.03654569047619048,0.23063580976778297,0.018546365914786967,0.036758563074352546,-0.01821219715956558
5,origin_peak,egarch_student_t,0.1,0.005550976399331663,0.06678496394881112,0.004327903091060985,0.005012531328320802,-0.0006846282372598165
5,origin_peak,residual_block_bootstrap,0.03,0.15021774143692565,0.46361906966323013,0.21112531328320802,0.19548872180451127,0.015636591478696754
5,origin_peak,residual_block_bootstrap,0.05,0.07377234983291563,0.31666590706315495,0.07585087719298245,0.0785296574770259,-0.002678780284043447
5,origin_peak,residual_block_bootstrap,0.07,0.03638721115288221,0.22021280910100344,0.02876148705096073,0.036758563074352546,-0.007997076023391815
5,origin_peak,residual_block_bootstrap,0.1,0.005888323308270676,0.06897619834015609,0.0073383458646616535,0.005012531328320802,0.0023258145363408518
5,origin_peak,hybrid_monte_carlo,0.03,0.1519135611946533,0.4696038216089751,0.19264452798663326,0.19548872180451127,-0.00284419381787801
5,origin_peak,hybrid_monte_carlo,0.05,0.07367061612364244,0.2972655656368717,0.0635873015873016,0.0785296574770259,-0.014942355889724299
5,origin_peak,hybrid_monte_carlo,0.07,0.03633209670008354,0.2080754718249958,0.02334294068504595,0.036758563074352546,-0.013415622389306596
5,origin_peak,hybrid_monte_carlo,0.1,0.0056737539682539685,0.06264097313137164,0.006067669172932331,0.005012531328320802,0.0010551378446115294
5,origin_peak,historical_empirical,0.03,0.16215645715051114,0.5074435824077602,0.2653713068937983,0.19548872180451127,0.06988258508928702
5,origin_peak,historical_empirical,0.05,0.07448223092823031,0.2861598658222659,0.12456747404844291,0.0785296574770259,0.04603781657141702
5,origin_peak,historical_empirical,0.07,0.03639213262180396,0.16671879543375984,0.06813947298376365,0.036758563074352546,0.0313809099094111
5,origin_peak,historical_empirical,0.1,0.005409288052403287,0.04413577792567455,0.02555230236891137,0.005012531328320802,0.020539771040590567
5,origin_peak,hybrid_importance_sampling,0.03,0.1519135611946533,0.4696038216089751,0.19264452798663326,0.19548872180451127,-0.00284419381787801
5,origin_peak,hybrid_importance_sampling,0.05,0.07367061612364244,0.2972655656368717,0.0635873015873016,0.0785296574770259,-0.014942355889724299
5,origin_peak,hybrid_importance_sampling,0.07,0.03633209670008354,0.2080754718249958,0.02334294068504595,0.036758563074352546,-0.013415622389306596
5,origin_peak,hybrid_importance_sampling,0.1,0.0056737539682539685,0.06264097313137164,0.006067669172932331,0.005012531328320802,0.0010551378446115294
5,historical_peak,egarch_student_t,0.03,0.052563776106933996,0.15092804703164883,0.8728078529657479,0.8688387635756056,0.0039690893901422886
5,historical_peak,egarch_student_t,0.05,0.043393333124477865,0.13995289707396302,0.791953634085213,0.7936507936507936,-0.001697159565580586
5,historical_peak,egarch_student_t,0.07,0.02792327276524644,0.09527737751627849,0.7343191311612365,0.7309941520467836,0.0033249791144528418
5,historical_peak,egarch_student_t,0.1,0.014075332289055973,0.054047374207720704,0.6914014202172097,0.6934001670843776,-0.0019987468671678332
5,historical_peak,residual_block_bootstrap,0.03,0.0507113245614035,0.14565822290201783,0.875264828738513,0.8688387635756056,0.006426065162907335
5,historical_peak,residual_block_bootstrap,0.05,0.043035771512113616,0.13520692770984158,0.7980994152046784,0.7936507936507936,0.004448621553884813
5,historical_peak,residual_block_bootstrap,0.07,0.02762038011695906,0.092020631450859,0.7403091060985798,0.7309941520467836,0.009314954051796165
5,historical_peak,residual_block_bootstrap,0.1,0.01414505200501253,0.05079943689137337,0.6941892230576442,0.6934001670843776,0.0007890559732666169
5,historical_peak,hybrid_monte_carlo,0.03,0.05170059461152882,0.1484745199241988,0.8732209690893902,0.8688387635756056,0.004382205513784543
5,historical_peak,hybrid_monte_carlo,0.05,0.04312037969924812,0.13716628254177995,0.7935137844611528,0.7936507936507936,-0.0001370091896407688
5,historical_peak,hybrid_monte_carlo,0.07,0.027618468671679202,0.09260327449347533,0.7362522974101922,0.7309941520467836,0.005258145363408517
5,historical_peak,hybrid_monte_carlo,0.1,0.014026682957393483,0.05170472435822024,0.6923817878028404,0.6934001670843776,-0.0010183792815371406
5,historical_peak,historical_empirical,0.03,0.12354042042073662,0.4757490229620286,0.9667287729571468,0.8688387635756056,0.09789000938154113
5,historical_peak,historical_empirical,0.05,0.19128916607947674,0.694641136733428,0.9595421879158901,0.7936507936507936,0.16589139426509647
5,historical_peak,historical_empirical,0.07,0.24517236928103844,0.8494085017398928,0.9512909236092628,0.7309941520467836,0.22029677156247918
5,historical_peak,historical_empirical,0.1,0.2715089257082357,0.8891485603442978,0.9361192440777215,0.6934001670843776,0.24271907699334394
5,historical_peak,hybrid_importance_sampling,0.03,0.05170059461152882,0.1484745199241988,0.8732209690893902,0.8688387635756056,0.004382205513784543
5,historical_peak,hybrid_importance_sampling,0.05,0.04312037969924812,0.13716628254177995,0.7935137844611528,0.7936507936507936,-0.0001370091896407688
5,historical_peak,hybrid_importance_sampling,0.07,0.027618468671679202,0.09260327449347533,0.7362522974101922,0.7309941520467836,0.005258145363408517
5,historical_peak,hybrid_importance_sampling,0.1,0.014026682957393483,0.05170472435822024,0.6923817878028404,0.6934001670843776,-0.0010183792815371406
10,origin_peak,egarch_student_t,0.03,0.2252788018036913,0.6477317510125531,0.38495679530201343,0.37583892617449666,0.009117869127516776
10,origin_peak,egarch_student_t,0.05,0.15623046098993287,0.5207915165582481,0.15698993288590604,0.19379194630872484,-0.0368020134228188
10,origin_peak,egarch_student_t,0.07,0.09870340687919463,0.4619694275011955,0.06638590604026846,0.10654362416107382,-0.04015771812080536
10,origin_peak,egarch_student_t,0.1,0.03850567659395974,0.28426542202920874,0.020005033557046976,0.03607382550335571,-0.01606879194630873
10,origin_peak,residual_block_bootstrap,0.03,0.22152376027684564,0.6338444008296447,0.4105625,0.37583892617449666,0.03472357382550334
10,origin_peak,residual_block_bootstrap,0.05,0.15243415037751679,0.4832251539703669,0.19805746644295302,0.19379194630872484,0.004265520134228179
10,origin_peak,residual_block_bootstrap,0.07,0.09704206837248323,0.4159077070897975,0.09706291946308726,0.10654362416107382,-0.009480704697986564
10,origin_peak,residual_block_bootstrap,0.1,0.03959320511744966,0.2584839500438588,0.035376677852349,0.03607382550335571,-0.000697147651006709
10,origin_peak,hybrid_monte_carlo,0.03,0.22223594022651008,0.6372481228171212,0.39925545302013427,0.37583892617449666,0.02341652684563761
10,origin_peak,hybrid_monte_carlo,0.05,0.15379589240771813,0.49479345778988526,0.17767994966442954,0.19379194630872484,-0.0161119966442953
10,origin_peak,hybrid_monte_carlo,0.07,0.09790032843959731,0.42468288257191106,0.08079865771812081,0.10654362416107382,-0.025744966442953016
10,origin_peak,hybrid_monte_carlo,0.1,0.038932131082214765,0.2586264789372446,0.026548238255033555,0.03607382550335571,-0.009525587248322153
10,origin_peak,historical_empirical,0.03,0.24198829765474902,0.6770954596082104,0.4618869936034115,0.37583892617449666,0.08604806742891485
10,origin_peak,historical_empirical,0.05,0.16025672242797523,0.5028576500426774,0.2571961620469083,0.19379194630872484,0.06340421573818347
10,origin_peak,historical_empirical,0.07,0.09806907378776021,0.35109919044703075,0.160181236673774,0.10654362416107382,0.05363761251270019
10,origin_peak,historical_empirical,0.1,0.037300594989551066,0.1754097794426644,0.08635394456289978,0.03607382550335571,0.050280119059544076
10,origin_peak,hybrid_importance_sampling,0.03,0.22223594022651008,0.6372481228171212,0.39925545302013427,0.37583892617449666,0.02341652684563761
10,origin_peak,hybrid_importance_sampling,0.05,0.15379589240771813,0.49479345778988526,0.17767994966442954,0.19379194630872484,-0.0161119966442953
10,origin_peak,hybrid_importance_sampling,0.07,0.09790032843959731,0.42468288257191106,0.08079865771812081,0.10654362416107382,-0.025744966442953016
10,origin_peak,hybrid_importance_sampling,0.1,0.038932131082214765,0.2586264789372446,0.026548238255033555,0.03607382550335571,-0.009525587248322153
10,historical_peak,egarch_student_t,0.03,0.053351931837248324,0.15064346370095158,0.9091329697986578,0.915268456375839,-0.006135486577181215
10,historical_peak,egarch_student_t,0.05,0.07124478145973154,0.20943440436890273,0.8246719798657718,0.834731543624161,-0.010059563758389234
10,historical_peak,egarch_student_t,0.07,0.046918625,0.15758605357104857,0.7598255033557046,0.7583892617449665,0.001436241610738187
10,historical_peak,egarch_student_t,0.1,0.024915712248322147,0.09909469315709889,0.7058791946308725,0.7088926174496645,-0.003013422818792022
10,historical_peak,residual_block_bootstrap,0.03,0.05218270155201342,0.14780460946964558,0.9084576342281879,0.915268456375839,-0.006810822147651052
10,historical_peak,residual_block_bootstrap,0.05,0.06774915583053692,0.19371799215844845,0.8326078020134228,0.834731543624161,-0.00212374161073825
10,historical_peak,residual_block_bootstrap,0.07,0.04654254677013423,0.148296294433179,0.771682466442953,0.7583892617449665,0.01329320469798656
10,historical_peak,residual_block_bootstrap,0.1,0.025087497692953018,0.0929484487815084,0.713932466442953,0.7088926174496645,0.005039848993288576
10,historical_peak,hybrid_monte_carlo,0.03,0.052568430998322146,0.14877239020213592,0.910790687919463,0.915268456375839,-0.00447776845637593
10,historical_peak,hybrid_monte_carlo,0.05,0.06974339471476511,0.20154916824786492,0.8304354026845637,0.834731543624161,-0.004296140939597293
10,historical_peak,hybrid_monte_carlo,0.07,0.047030817323825504,0.15242529300376811,0.766177432885906,0.7583892617449665,0.007788171140939548
10,historical_peak,hybrid_monte_carlo,0.1,0.024987577810402686,0.0934768497447807,0.7098099832214765,0.7088926174496645,0.0009173657718120065
10,historical_peak,historical_empirical,0.03,0.08108186092339312,0.33496021595444636,0.9746801705756933,0.915268456375839,0.05941171419985436
10,historical_peak,historical_empirical,0.05,0.15600514935701387,0.6007628288603132,0.9690831556503198,0.834731543624161,0.13435161202615875
10,historical_peak,historical_empirical,0.07,0.2232481557362106,0.8005740956105176,0.9584221748400853,0.7583892617449665,0.20003291309511884
10,historical_peak,historical_empirical,0.1,0.26102847035742055,0.8742261174760064,0.9426972281449892,0.7088926174496645,0.23380461069532477
10,historical_peak,hybrid_importance_sampling,0.03,0.052568430998322146,0.14877239020213592,0.910790687919463,0.915268456375839,-0.00447776845637593
10,historical_peak,hybrid_importance_sampling,0.05,0.06974339471476511,0.20154916824786492,0.8304354026845637,0.834731543624161,-0.004296140939597293
10,historical_peak,hybrid_importance_sampling,0.07,0.047030817323825504,0.15242529300376811,0.766177432885906,0.7583892617449665,0.007788171140939548
10,historical_peak,hybrid_importance_sampling,0.1,0.024987577810402686,0.0934768497447807,0.7098099832214765,0.7088926174496645,0.0009173657718120065
20,origin_peak,egarch_student_t,0.03,0.23091536336717428,0.6897694720419943,0.6296269035532995,0.616751269035533,0.012875634517766521
20,origin_peak,egarch_student_t,0.05,0.24101418549069376,0.723618332932805,0.3338887478849408,0.3790186125211506,-0.04512986463620983
20,origin_peak,egarch_student_t,0.07,0.1885277802453469,0.6477954663963228,0.1744505076142132,0.2326565143824027,-0.05820600676818949
20,origin_peak,egarch_student_t,0.1,0.1198721975465313,0.6370694157470342,0.06846700507614213,0.12351945854483926,-0.055052453468697124
20,origin_peak,residual_block_bootstrap,0.03,0.2255635805837563,0.6573868903826571,0.6498701353637901,0.616751269035533,0.03311886632825711
20,origin_peak,residual_block_bootstrap,0.05,0.23039738557529613,0.666714764624087,0.3998938240270728,0.3790186125211506,0.020875211505922198
20,origin_peak,residual_block_bootstrap,0.07,0.18293781006768187,0.570937065472468,0.24163959390862944,0.2326565143824027,0.008983079526226734
20,origin_peak,residual_block_bootstrap,0.1,0.11912828193739425,0.5052136875896663,0.1140909475465313,0.12351945854483926,-0.009428510998307951
20,origin_peak,hybrid_monte_carlo,0.03,0.22782408079526228,0.6723909076696142,0.6413121827411167,0.616751269035533,0.024560913705583665
20,origin_peak,hybrid_monte_carlo,0.05,0.23332082952622676,0.6849247113991167,0.37002368866328256,0.3790186125211506,-0.008994923857868042
20,origin_peak,hybrid_monte_carlo,0.07,0.18430874661590524,0.593773338591816,0.2094627749576988,0.2326565143824027,-0.023193739424703902
20,origin_peak,hybrid_monte_carlo,0.1,0.11912325126903552,0.5287560667195802,0.09146869712351945,0.12351945854483926,-0.03205076142131981
20,origin_peak,historical_empirical,0.03,0.24522367714245316,0.686032065204907,0.7108498129342599,0.616751269035533,0.09409854389872685
20,origin_peak,historical_empirical,0.05,0.24216963712071543,0.6774583602983267,0.46151790486370914,0.3790186125211506,0.08249929234255854
20,origin_peak,historical_empirical,0.07,0.18510133883234656,0.5585955769784958,0.3137359700694815,0.2326565143824027,0.0810794556870788
20,origin_peak,historical_empirical,0.1,0.11520492472959142,0.39775091496794945,0.2068412613575628,0.12351945854483926,0.08332180281272356
20,origin_peak,hybrid_importance_sampling,0.03,0.22782408079526228,0.6723909076696142,0.6413121827411167,0.616751269035533,0.024560913705583665
20,origin_peak,hybrid_importance_sampling,0.05,0.23332082952622676,0.6849247113991167,0.37002368866328256,0.3790186125211506,-0.008994923857868042
20,origin_peak,hybrid_importance_sampling,0.07,0.18430874661590524,0.593773338591816,0.2094627749576988,0.2326565143824027,-0.023193739424703902
20,origin_peak,hybrid_importance_sampling,0.1,0.11912325126903552,0.5287560667195802,0.09146869712351945,0.12351945854483926,-0.03205076142131981
20,historical_peak,egarch_student_t,0.03,0.028726263747884936,0.09543176137994237,0.9508329103214891,0.9703891708967851,-0.019556260575296025
20,historical_peak,egarch_student_t,0.05,0.08914562563451776,0.23916521276727817,0.8685143824027072,0.9010152284263959,-0.032500846023688745
20,historical_peak,egarch_student_t,0.07,0.07370951670896785,0.2140715831456642,0.7978109137055838,0.8011844331641286,-0.0033735194585448047
20,historical_peak,egarch_student_t,0.1,0.0428763187394247,0.1539944971935349,0.7317085448392555,0.7402707275803723,-0.008562182741116753
20,historical_peak,residual_block_bootstrap,0.03,0.028422199873096445,0.0944591780039461,0.9476730118443316,0.9703891708967851,-0.0227161590524535
20,historical_peak,residual_block_bootstrap,0.05,0.07883698582910321,0.21252301428686393,0.879206852791878,0.9010152284263959,-0.021808375634517874
20,historical_peak,residual_block_bootstrap,0.07,0.07107348011844332,0.20021156934249248,0.8169585448392555,0.8011844331641286,0.01577411167512688
20,historical_peak,residual_block_bootstrap,0.1,0.042909054780033845,0.14198462619727695,0.7497144670050762,0.7402707275803723,0.00944373942470389
20,historical_peak,hybrid_monte_carlo,0.03,0.02856047673434856,0.09522112715101107,0.9501260575296108,0.9703891708967851,-0.020263113367174346
20,historical_peak,hybrid_monte_carlo,0.05,0.08337453976311338,0.22380492289240675,0.8752394247038916,0.9010152284263959,-0.02577580372250432
20,historical_peak,hybrid_monte_carlo,0.07,0.07211821721658206,0.2048688098505793,0.808664551607445,0.8011844331641286,0.007480118443316419
20,historical_peak,hybrid_monte_carlo,0.1,0.042753008671742816,0.14526303818525668,0.7408811336717428,0.7402707275803723,0.00061040609137053
20,historical_peak,historical_empirical,0.03,0.028871057528839873,0.13664708903562492,0.9820951362907536,0.9703891708967851,0.01170596539396851
20,historical_peak,historical_empirical,0.05,0.09541862809557648,0.40526157004916996,0.9799572421165151,0.9010152284263959,0.07894201369011922
20,historical_peak,historical_empirical,0.07,0.18682582757307936,0.7057707379445407,0.967129877071085,0.8011844331641286,0.16594544390695642
20,historical_peak,historical_empirical,0.1,0.23807958222083042,0.8360755567566588,0.9543025120256547,0.7402707275803723,0.21403178444528248
20,historical_peak,hybrid_importance_sampling,0.03,0.02856047673434856,0.09522112715101107,0.9501260575296108,0.9703891708967851,-0.020263113367174346
20,historical_peak,hybrid_importance_sampling,0.05,0.08337453976311338,0.22380492289240675,0.8752394247038916,0.9010152284263959,-0.02577580372250432
20,historical_peak,hybrid_importance_sampling,0.07,0.07211821721658206,0.2048688098505793,0.808664551607445,0.8011844331641286,0.007480118443316419
20,historical_peak,hybrid_importance_sampling,0.1,0.042753008671742816,0.14526303818525668,0.7408811336717428,0.7402707275803723,0.00061040609137053
40,origin_peak,egarch_student_t,0.03,0.116256875,0.4521073239729948,0.8453343373493976,0.8580034423407917,-0.012669104991394176
40,origin_peak,egarch_student_t,0.05,0.2618227231067125,0.8149929277941239,0.5821932013769364,0.6135972461273667,-0.03140404475043024
40,origin_peak,egarch_student_t,0.07,0.2618524890275387,0.7755774654775549,0.3797336488812392,0.43201376936316693,-0.052280120481927705
40,origin_peak,egarch_student_t,0.1,0.22019572246127367,0.7685980776250885,0.1960249569707401,0.2521514629948365,-0.056126506024096384
40,origin_peak,residual_block_bootstrap,0.03,0.1137808263769363,0.434223630690573,0.8654487951807228,0.8580034423407917,0.007445352839931085
40,origin_peak,residual_block_bootstrap,0.05,0.24605239479345956,0.740277701990147,0.6562422547332186,0.6135972461273667,0.042645008605851964
40,origin_peak,residual_block_bootstrap,0.07,0.250306660929432,0.7281917316052438,0.469987091222031,0.43201376936316693,0.03797332185886404
40,origin_peak,residual_block_bootstrap,0.1,0.2241418700516351,0.7016986881543381,0.2756557659208262,0.2521514629948365,0.023504302925989706
40,origin_peak,hybrid_monte_carlo,0.03,0.1146777973321859,0.4410539208324435,0.847934595524957,0.8580034423407917,-0.010068846815834753
40,origin_peak,hybrid_monte_carlo,0.05,0.251748879302926,0.7556489221617483,0.6086381239242684,0.6135972461273667,-0.004959122203098243
40,origin_peak,hybrid_monte_carlo,0.07,0.25404217685025815,0.7423804545756338,0.413789156626506,0.43201376936316693,-0.018224612736660928
40,origin_peak,hybrid_monte_carlo,0.1,0.22031370116179,0.72790491891693,0.22673192771084336,0.2521514629948365,-0.025419535283993128
40,origin_peak,historical_empirical,0.03,0.12250589637680452,0.4116574550262774,0.8839333691563676,0.8580034423407917,0.02592992681557582
40,origin_peak,historical_empirical,0.05,0.24924128381087304,0.695499095738672,0.7238044062332081,0.6135972461273667,0.11020716010584142
40,origin_peak,historical_empirical,0.07,0.26039068921670117,0.714023487879659,0.5545405695862442,0.43201376936316693,0.12252680022307727
40,origin_peak,historical_empirical,0.1,0.21206455109617428,0.6164613667001807,0.40542718968296615,0.2521514629948365,0.15327572668812967
40,origin_peak,hybrid_importance_sampling,0.03,0.1146777973321859,0.4410539208324435,0.847934595524957,0.8580034423407917,-0.010068846815834753
40,origin_peak,hybrid_importance_sampling,0.05,0.251748879302926,0.7556489221617483,0.6086381239242684,0.6135972461273667,-0.004959122203098243
40,origin_peak,hybrid_importance_sampling,0.07,0.25404217685025815,0.7423804545756338,0.413789156626506,0.43201376936316693,-0.018224612736660928
40,origin_peak,hybrid_importance_sampling,0.1,0.22031370116179,0.72790491891693,0.22673192771084336,0.2521514629948365,-0.025419535283993128
40,historical_peak,egarch_student_t,0.03,0.0026070727194492252,0.017759466764539152,0.9838528399311532,1.0,-0.016147160068846755
40,historical_peak,egarch_student_t,0.05,0.04662830916523236,0.14072309079243225,0.9276501721170396,0.9698795180722891,-0.04222934595524952
40,historical_peak,egarch_student_t,0.07,0.06783853700516351,0.19082509820438823,0.8613063683304647,0.8657487091222031,-0.004442340791738442
40,historical_peak,egarch_student_t,0.1,0.07921513123924268,0.22964245580256132,0.7844285714285715,0.8046471600688468,-0.02021858864027537
40,historical_peak,residual_block_bootstrap,0.03,0.002222929647160069,0.017734375791169835,0.9835520654044749,1.0,-0.01644793459552507
40,historical_peak,residual_block_bootstrap,0.05,0.038250206755593805,0.12219891822840094,0.9381604991394148,0.9698795180722891,-0.03171901893287432
40,historical_peak,residual_block_bootstrap,0.07,0.06507572095524956,0.18552526792064425,0.8830735800344234,0.8657487091222031,0.017324870912220236
40,historical_peak,residual_block_bootstrap,0.1,0.07613996966437178,0.2138452546826633,0.8096493115318416,0.8046471600688468,0.005002151462994764
40,historical_peak,hybrid_monte_carlo,0.03,0.0027238401462994838,0.019425437505334396,0.9822043889845095,1.0,-0.017795611015490542
40,historical_peak,hybrid_monte_carlo,0.05,0.04316021514629948,0.13298765383209243,0.9303468158347677,0.9698795180722891,-0.03953270223752137
40,historical_peak,hybrid_monte_carlo,0.07,0.06573680185025818,0.1863250953375892,0.8683179862306368,0.8657487091222031,0.0025692771084336874
40,historical_peak,hybrid_monte_carlo,0.1,0.07702836080034424,0.2191771397797554,0.7934117900172117,0.8046471600688468,-0.011235370051635107
40,historical_peak,historical_empirical,0.03,5.2622901544501005e-05,0.007280603819893973,0.9927458355722727,1.0,-0.007254164427727305
40,historical_peak,historical_empirical,0.05,0.029642429910481886,0.14972575995433862,0.9905964535196131,0.9698795180722891,0.020716935447324003
40,historical_peak,historical_empirical,0.07,0.12876100939858748,0.5301058368458261,0.9777001612036537,0.8657487091222031,0.11195145208145052
40,historical_peak,historical_empirical,0.1,0.1835333749959766,0.6931606525865057,0.9669532509403547,0.8046471600688468,0.16230609087150782
40,historical_peak,hybrid_importance_sampling,0.03,0.0027238401462994838,0.019425437505334396,0.9822043889845095,1.0,-0.017795611015490542
40,historical_peak,hybrid_importance_sampling,0.05,0.04316021514629948,0.13298765383209243,0.9303468158347677,0.9698795180722891,-0.03953270223752137
40,historical_peak,hybrid_importance_sampling,0.07,0.06573680185025818,0.1863250953375892,0.8683179862306368,0.8657487091222031,0.0025692771084336874
40,historical_peak,hybrid_importance_sampling,0.1,0.07702836080034424,0.2191771397797554,0.7934117900172117,0.8046471600688468,-0.011235370051635107
60,origin_peak,egarch_student_t,0.03,0.0525001035464098,0.28537646183942406,0.9178524518388792,0.9500875656742557,-0.03223511383537647
60,origin_peak,egarch_student_t,0.05,0.21921570731173382,0.7674663584975704,0.6999032399299475,0.7653239929947461,-0.06542075306479855
60,origin_peak,egarch_student_t,0.07,0.2698690490367776,0.8524066895593402,0.4959492119089317,0.5779334500875657,-0.08198423817863398
60,origin_peak,egarch_student_t,0.1,0.2843127968476358,0.8919404829979523,0.2853747810858144,0.361646234676007,-0.0762714535901926
60,origin_peak,residual_block_bootstrap,0.03,0.04775007640105079,0.27916435559644764,0.9414286339754816,0.9500875656742557,-0.008658931698774075
60,origin_peak,residual_block_bootstrap,0.05,0.1945723489492119,0.7196953799715006,0.7846199649737302,0.7653239929947461,0.01929597197898414
60,origin_peak,residual_block_bootstrap,0.07,0.24841051204028022,0.7956358126778649,0.6144093695271454,0.5779334500875657,0.03647591943957973
60,origin_peak,residual_block_bootstrap,0.1,0.2771244765761821,0.8151715477501216,0.40539973730297724,0.361646234676007,0.04375350262697025
60,origin_peak,hybrid_monte_carlo,0.03,0.050457639448336256,0.2766504294576339,0.9202929071803854,0.9500875656742557,-0.029794658493870307
60,origin_peak,hybrid_monte_carlo,0.05,0.20445298358143607,0.7199026016632265,0.7298953590192644,0.7653239929947461,-0.03542863397548168
60,origin_peak,hybrid_monte_carlo,0.07,0.2553697265761821,0.7978668881124559,0.5429111208406305,0.5779334500875657,-0.03502232924693516
60,origin_peak,hybrid_monte_carlo,0.1,0.2771060809982486,0.8367465826289036,0.33403064798598947,0.361646234676007,-0.027615586690017513
60,origin_peak,historical_empirical,0.03,0.04742499127733736,0.19829651890876024,0.9481361426256079,0.9500875656742557,-0.0019514230486478157
60,origin_peak,historical_empirical,0.05,0.18763479425237362,0.5730143304803872,0.8549432739059969,0.7653239929947461,0.08961928091125082
60,origin_peak,historical_empirical,0.07,0.2618405850001579,0.7215517879046772,0.7117774176121017,0.5779334500875657,0.13384396752453598
60,origin_peak,historical_empirical,0.1,0.2658183094134431,0.7248916023464543,0.5486223662884927,0.361646234676007,0.18697613161248572
60,origin_peak,hybrid_importance_sampling,0.03,0.050457639448336256,0.2766504294576339,0.9202929071803854,0.9500875656742557,-0.029794658493870307
60,origin_peak,hybrid_importance_sampling,0.05,0.20445298358143607,0.7199026016632265,0.7298953590192644,0.7653239929947461,-0.03542863397548168
60,origin_peak,hybrid_importance_sampling,0.07,0.2553697265761821,0.7978668881124559,0.5429111208406305,0.5779334500875657,-0.03502232924693516
60,origin_peak,hybrid_importance_sampling,0.1,0.2771060809982486,0.8367465826289036,0.33403064798598947,0.361646234676007,-0.027615586690017513
60,historical_peak,egarch_student_t,0.03,0.000839940017513135,0.007714453148198156,0.9927872154115586,1.0,-0.007212784588441434
60,historical_peak,egarch_student_t,0.05,0.020751948336252185,0.07234547954155986,0.9535026269702277,0.9912434325744308,-0.03774080560420312
60,historical_peak,egarch_student_t,0.07,0.04398710004378285,0.1336082521398019,0.89609588441331,0.9141856392294221,-0.01808975481611208
60,historical_peak,egarch_student_t,0.1,0.08239356654991245,0.22942755537822052,0.8194746059544659,0.8712784588441331,-0.05180385288966727
60,historical_peak,residual_block_bootstrap,0.03,0.000460476357267951,0.0062339870755148165,0.9940210157618213,1.0,-0.005978984238178664
60,historical_peak,residual_block_bootstrap,0.05,0.014038861427320491,0.05581460054050132,0.9664312609457092,0.9912434325744308,-0.024812171628721624
60,historical_peak,residual_block_bootstrap,0.07,0.043245236208406306,0.13131842679833022,0.9229505253940457,0.9141856392294221,0.008764886164623564
60,historical_peak,residual_block_bootstrap,0.1,0.06881025175131349,0.19747248868928188,0.8559106830122593,0.8712784588441331,-0.015367775831873876
60,historical_peak,hybrid_monte_carlo,0.03,0.0007721033274956218,0.00838303861562651,0.9920569176882663,1.0,-0.007943082311733685
60,historical_peak,hybrid_monte_carlo,0.05,0.01769346694395797,0.06585903271554784,0.9573218038528897,0.9912434325744308,-0.03392162872154114
60,historical_peak,hybrid_monte_carlo,0.07,0.04281202867775832,0.13123168569367918,0.906427758318739,0.9141856392294221,-0.007757880910683079
60,historical_peak,hybrid_monte_carlo,0.1,0.07511776444833625,0.2104941903759535,0.8350262697022767,0.8712784588441331,-0.03625218914185646
60,historical_peak,historical_empirical,0.03,0.0,1.000000500029089e-06,1.0,1.0,0.0
60,historical_peak,historical_empirical,0.05,0.008747397848942044,0.06641553388880149,0.9994597514856834,0.9912434325744308,0.00821631891125263
60,historical_peak,historical_empirical,0.07,0.083408849312896,0.3723381419547864,0.9846029173419775,0.9141856392294221,0.07041727811255538
60,historical_peak,historical_empirical,0.1,0.12345225703260639,0.5086137577638951,0.9775796866558618,0.8712784588441331,0.10630122781172868
60,historical_peak,hybrid_importance_sampling,0.03,0.0007721033274956218,0.00838303861562651,0.9920569176882663,1.0,-0.007943082311733685
60,historical_peak,hybrid_importance_sampling,0.05,0.01769346694395797,0.06585903271554784,0.9573218038528897,0.9912434325744308,-0.03392162872154114
60,historical_peak,hybrid_importance_sampling,0.07,0.04281202867775832,0.13123168569367918,0.906427758318739,0.9141856392294221,-0.007757880910683079
60,historical_peak,hybrid_importance_sampling,0.1,0.07511776444833625,0.2104941903759535,0.8350262697022767,0.8712784588441331,-0.03625218914185646
