horizon,anchor_mode,level,method,coverage,coverage_error,pinball_loss,average_upper_bound,objective,fallback_rate,selected
1,origin_peak,0.8,global,0.8125,0.012499999999999956,0.0026831833538130895,0.007550193262320434,0.015258685286436249,0.0,False
1,origin_peak,0.8,current_drawdown_stratified,0.825,0.02499999999999991,0.0027001870304835087,0.00793900909660265,0.027779577121449444,0.0,False
1,origin_peak,0.8,volatility_stratified,0.8104166666666667,0.01041666666666663,0.002689813094748984,0.007655045349109953,0.013183030214906712,0.0,True
1,origin_peak,0.8,regime_stratified,0.8125,0.012499999999999956,0.002684510470480426,0.007931265333941272,0.015263823123819794,0.1625,False
1,origin_peak,0.8,current_drawdown_regime,0.8229166666666666,0.022916666666666585,0.0027018954206735387,0.00777770589135109,0.025696339146253636,0.16875,False
1,origin_peak,0.8,volatility_regime,0.8666666666666667,0.06666666666666665,0.002766583208690261,0.009082706420424004,0.06952407693956116,0.1625,False
1,origin_peak,0.9,global,0.8979166666666667,-0.002083333333333326,0.002139984078127907,0.012948494918023027,0.004352802360641463,0.0,False
1,origin_peak,0.9,current_drawdown_stratified,0.91875,0.018749999999999933,0.0022480774260659983,0.014749142300794115,0.021145568849073874,0.0,False
1,origin_peak,0.9,volatility_stratified,0.8979166666666667,-0.002083333333333326,0.0021380661585857874,0.012798320341866398,0.0043493826953377775,0.0,True
1,origin_peak,0.9,regime_stratified,0.9041666666666667,0.004166666666666652,0.0021414835567539615,0.013558049736471225,0.006443730720785326,0.1625,False
1,origin_peak,0.9,current_drawdown_regime,0.9145833333333333,0.014583333333333282,0.0022318332576161106,0.014583313680954054,0.016960999727758934,0.16875,False
1,origin_peak,0.9,volatility_regime,0.9166666666666666,0.016666666666666607,0.0022096593866371417,0.014258604762091296,0.019018912100924663,0.1625,False
1,origin_peak,0.95,global,0.9354166666666667,-0.014583333333333282,0.001528748791952095,0.01835729718540174,0.016295655097139393,0.0,False
1,origin_peak,0.95,current_drawdown_stratified,0.9375,-0.012499999999999956,0.0015970770279645334,0.02013697747093261,0.014298446802673816,0.0,False
1,origin_peak,0.95,volatility_stratified,0.9416666666666667,-0.008333333333333304,0.001542278147021913,0.018514338133334893,0.010060754861688566,0.0,False
1,origin_peak,0.95,regime_stratified,0.9479166666666666,-0.002083333333333326,0.0015205483049470247,0.02083812301170538,0.0038122628683974046,0.1625,False
1,origin_peak,0.95,current_drawdown_regime,0.9333333333333333,-0.016666666666666607,0.001613157478731582,0.01940537193053918,0.018473877864703583,0.16875,False
1,origin_peak,0.95,volatility_regime,0.95,0.0,0.0015435563924075624,0.02133377210367932,0.0017568941134443556,0.1625,True
1,origin_peak,0.99,global,0.975,-0.015000000000000013,0.0005649670729175198,0.0323968969740811,0.015888936042658345,0.0,False
1,origin_peak,0.99,current_drawdown_stratified,0.9791666666666666,-0.010833333333333361,0.0005446079107600838,0.041128464855631465,0.01178922589264976,0.0,False
1,origin_peak,0.99,volatility_stratified,0.9791666666666666,-0.010833333333333361,0.0005496141740661888,0.03358104192178303,0.01171875792661738,0.0,False
1,origin_peak,0.99,regime_stratified,0.9833333333333333,-0.00666666666666671,0.000523762535141225,0.034921834349925344,0.007539647545307188,0.1625,False
1,origin_peak,0.99,current_drawdown_regime,0.9854166666666667,-0.004583333333333273,0.000524112183794676,0.041223511790376234,0.005519680635031711,0.16875,False
1,origin_peak,0.99,volatility_regime,0.9854166666666667,-0.004583333333333273,0.000508062456698983,0.03792223436838623,0.005470618133716117,0.1625,True
1,historical_peak,0.8,global,0.8125,0.012499999999999956,0.0028296026288942575,0.19346317401842222,0.017264234369078434,0.0,False
1,historical_peak,0.8,current_drawdown_stratified,0.8291666666666667,0.029166666666666674,0.0028438597220013353,0.19375926153128945,0.033948119003980905,0.0,False
1,historical_peak,0.8,volatility_stratified,0.8104166666666667,0.01041666666666663,0.0028322826309604685,0.19348721175797376,0.015183821415206836,0.0,True
1,historical_peak,0.8,regime_stratified,0.8145833333333333,0.014583333333333282,0.0028302290759265624,0.1936424937149072,0.019349987346408918,0.1625,False
1,historical_peak,0.8,current_drawdown_regime,0.8208333333333333,0.02083333333333326,0.0028448844559229506,0.19358300434248246,0.025614047832681036,0.16875,False
1,historical_peak,0.8,volatility_regime,0.86875,0.06874999999999998,0.0028952062410583365,0.194529710235441,0.07359050334341273,0.1625,False
1,historical_peak,0.9,global,0.9,0.0,0.002047435652189668,0.19773470739811874,0.004024782726170855,0.0,True
1,historical_peak,0.9,current_drawdown_stratified,0.91875,0.018749999999999933,0.002135295489939849,0.1991985438467275,0.022877280928407056,0.0,False
1,historical_peak,0.9,volatility_stratified,0.9020833333333333,0.002083333333333326,0.002045099751040136,0.19749780983413726,0.006103411182714834,0.0,False
1,historical_peak,0.9,regime_stratified,0.90625,0.006249999999999978,0.0020488747717236507,0.19814599499766125,0.010280334721700242,0.1625,False
1,historical_peak,0.9,current_drawdown_regime,0.9145833333333333,0.014583333333333282,0.002123540685777246,0.19903218002047693,0.0186971958193153,0.16875,False
1,historical_peak,0.9,volatility_regime,0.9208333333333333,0.02083333333333326,0.0021024214292154056,0.19868570407938868,0.024922611803342553,0.1625,False
1,historical_peak,0.95,global,0.9354166666666667,-0.014583333333333282,0.0013931831406285488,0.20191685935369438,0.017995685067498775,0.0,False
1,historical_peak,0.95,current_drawdown_stratified,0.9375,-0.012499999999999956,0.0014444015476128612,0.20345413398900222,0.015978942887502838,0.0,False
1,historical_peak,0.95,volatility_stratified,0.9416666666666667,-0.008333333333333304,0.0014026020144891668,0.20221447607846776,0.011758080108607148,0.0,False
1,historical_peak,0.95,regime_stratified,0.95,0.0,0.0013861042191697015,0.20401340408520638,0.0034262382600217653,0.1625,True
1,historical_peak,0.95,current_drawdown_regime,0.9333333333333333,-0.016666666666666607,0.0014563688500457113,0.20287139092956039,0.02015174942600792,0.16875,False
1,historical_peak,0.95,volatility_regime,0.95,0.0,0.0014040787453580169,0.20440559402834318,0.0034481346856414484,0.1625,False
1,historical_peak,0.99,global,0.9770833333333333,-0.012916666666666687,0.00048506581184884,0.21344425870114173,0.015536175065526944,0.0,False
1,historical_peak,0.99,current_drawdown_stratified,0.9791666666666666,-0.010833333333333361,0.0004822126319050957,0.22150440008180475,0.013530589966056505,0.0,False
1,historical_peak,0.99,volatility_stratified,0.98125,-0.008750000000000036,0.00046198748621874546,0.21522301080366277,0.01136421759425541,0.0,False
1,historical_peak,0.99,regime_stratified,0.98125,-0.008750000000000036,0.0004470584582838529,0.215980220422877,0.011356860662512657,0.1625,False
1,historical_peak,0.99,current_drawdown_regime,0.9854166666666667,-0.004583333333333273,0.00045773527618354237,0.2218129810064408,0.007259198419581223,0.16875,False
1,historical_peak,0.99,volatility_regime,0.9895833333333334,-0.0004166666666666208,0.0004392548919731899,0.21839072449781619,0.0030398288036179726,0.1625,True
5,origin_peak,0.8,global,0.7807933194154488,-0.019206680584551217,0.00719470596101204,0.028317360753859423,0.02668456015310185,0.0,False
5,origin_peak,0.8,current_drawdown_stratified,0.8162839248434238,0.01628392484342378,0.0073601943953092745,0.03272302245818608,0.023971349463314917,0.0,False
5,origin_peak,0.8,volatility_stratified,0.7849686847599165,-0.015031315240083498,0.007201179402415703,0.028574997743860794,0.02251824461993781,0.0,False
5,origin_peak,0.8,regime_stratified,0.8288100208768268,0.028810020876826714,0.007165586263219381,0.03237453731232236,0.03629935251316932,0.162839248434238,False
5,origin_peak,0.8,current_drawdown_regime,0.7974947807933194,-0.0025052192066806755,0.007417497036024449,0.031325475481730126,0.010235970997522426,0.16910229645093947,True
5,origin_peak,0.8,volatility_regime,0.826722338204593,0.02672233820459291,0.007309627799169926,0.03314426493738932,0.03436340865313673,0.162839248434238,False
5,origin_peak,0.9,global,0.8580375782881002,-0.04196242171189979,0.005347840420074697,0.040398011803521386,0.0477142422500097,0.0,False
5,origin_peak,0.9,current_drawdown_stratified,0.9018789144050104,0.0018789144050104234,0.005629424874154266,0.04481640697588362,0.007956503348923526,0.0,False
5,origin_peak,0.9,volatility_stratified,0.8580375782881002,-0.04196242171189979,0.005375498704904349,0.041014941530147266,0.04774806983210561,0.0,False
5,origin_peak,0.9,regime_stratified,0.8872651356993737,-0.012734864300626314,0.00519834947874443,0.04418920638502416,0.018375105843220985,0.162839248434238,False
5,origin_peak,0.9,current_drawdown_regime,0.8997912317327766,-0.00020876826722338038,0.005634438234055199,0.04439986810211789,0.006287205182299758,0.16910229645093947,True
5,origin_peak,0.9,volatility_regime,0.8956158663883089,-0.004384133611691099,0.005289523003437032,0.045454187601587905,0.01012819849114401,0.162839248434238,False
5,origin_peak,0.95,global,0.9164926931106472,-0.03350730688935277,0.0036496083065177837,0.0508612796873863,0.03766552799274442,0.0,False
5,origin_peak,0.95,current_drawdown_stratified,0.918580375782881,-0.03141962421711897,0.003944401378363596,0.05365864066671951,0.035900612002149765,0.0,False
5,origin_peak,0.95,volatility_stratified,0.9081419624217119,-0.0418580375782881,0.003702884810697914,0.05135400978958577,0.04607446248688187,0.0,False
5,origin_peak,0.95,regime_stratified,0.9394572025052192,-0.010542797494780709,0.0034753321927515984,0.0565708013510409,0.014583837701042717,0.162839248434238,False
5,origin_peak,0.95,current_drawdown_regime,0.918580375782881,-0.03141962421711897,0.003977903037187361,0.05392721210533793,0.03593679937535971,0.16910229645093947,False
5,origin_peak,0.95,volatility_regime,0.954070981210856,0.004070981210856028,0.0036249113310955934,0.0631695192143886,0.008327587734095507,0.162839248434238,True
5,origin_peak,0.99,global,0.9582463465553236,-0.0317536534446764,0.0013674317480063484,0.07282334093242901,0.03384931860200704,0.0,False
5,origin_peak,0.99,current_drawdown_stratified,0.9603340292275574,-0.029665970772442596,0.0016707806730281887,0.07857021625214268,0.03212245360799221,0.0,False
5,origin_peak,0.99,volatility_stratified,0.9707724425887265,-0.019227557411273466,0.00128206298950498,0.07993917369271096,0.021309012137705554,0.0,True
5,origin_peak,0.99,regime_stratified,0.9686847599164927,-0.02131524008350727,0.001214387372328127,0.07759095533382102,0.023305537009173607,0.162839248434238,False
5,origin_peak,0.99,current_drawdown_regime,0.9603340292275574,-0.029665970772442596,0.0016141487305944046,0.07926245775221384,0.03207274408055914,0.16910229645093947,False
5,origin_peak,0.99,volatility_regime,0.9707724425887265,-0.019227557411273466,0.0012860163720117444,0.08334815214344557,0.021347055304719666,0.162839248434238,False
5,historical_peak,0.8,global,0.7870563674321504,-0.012943632567849694,0.0062292375126529725,0.20955644449266797,0.02126843452542935,0.0,False
5,historical_peak,0.8,current_drawdown_stratified,0.8288100208768268,0.028810020876826714,0.006421600897286151,0.21328843955548762,0.03736450616966774,0.0,False
5,historical_peak,0.8,volatility_stratified,0.7891440501043842,-0.01085594989561589,0.006263210096521691,0.21019298534003053,0.019221089845537886,0.0,True
5,historical_peak,0.8,regime_stratified,0.8183716075156576,0.018371607515657584,0.006211597182438528,0.2117106138356488,0.0267003108364526,0.162839248434238,False
5,historical_peak,0.8,current_drawdown_regime,0.8183716075156576,0.018371607515657584,0.006395608727817482,0.2125266740212076,0.026892482983687144,0.16910229645093947,False
5,historical_peak,0.8,volatility_regime,0.8350730688935282,0.035073068893528125,0.006353313591534263,0.2134461459771275,0.043560843944833665,0.162839248434238,False
5,historical_peak,0.9,global,0.8559498956158664,-0.04405010438413359,0.0045399232036870945,0.21764800676995155,0.0507665076555202,0.0,False
5,historical_peak,0.9,current_drawdown_stratified,0.8956158663883089,-0.004384133611691099,0.0047033155491145685,0.2227528628618815,0.011314977789424484,0.0,False
5,historical_peak,0.9,volatility_stratified,0.8705636743215032,-0.029436325678496855,0.004510319018787097,0.22065700771695326,0.036153214774453483,0.0,False
5,historical_peak,0.9,regime_stratified,0.8997912317327766,-0.00020876826722338038,0.004394648059204718,0.22317947927642368,0.006835211119192335,0.162839248434238,True
5,historical_peak,0.9,current_drawdown_regime,0.8914405010438413,-0.008559498956158706,0.004683874244128229,0.22223364078750293,0.015465709608161965,0.16910229645093947,False
5,historical_peak,0.9,volatility_regime,0.9123173277661796,0.012317327766179553,0.004478344312177403,0.22467190734288545,0.019042391151785812,0.162839248434238,False
5,historical_peak,0.95,global,0.9227557411273486,-0.02724425887265136,0.0029977129290931722,0.22782885694672447,0.03252026037121178,0.0,False
5,historical_peak,0.95,current_drawdown_stratified,0.9248434237995825,-0.025156576200417446,0.00324428335750081,0.2317747712798004,0.03071860727071626,0.0,False
5,historical_peak,0.95,volatility_stratified,0.9206680584551148,-0.029331941544885165,0.0030090853275414487,0.22900758155935724,0.034631102688020186,0.0,False
5,historical_peak,0.95,regime_stratified,0.9394572025052192,-0.010542797494780709,0.002868370765257823,0.23306316197410537,0.015741799879779587,0.162839248434238,False
5,historical_peak,0.95,current_drawdown_regime,0.9206680584551148,-0.029331941544885165,0.003316847935291378,0.23106985352036455,0.03495948801538019,0.16910229645093947,False
5,historical_peak,0.95,volatility_regime,0.954070981210856,0.004070981210856028,0.0030816405328033115,0.23916046095540658,0.009544226353213406,0.162839248434238,True
5,historical_peak,0.99,global,0.9665970772442589,-0.023402922755741074,0.0009901376829274955,0.24797059459610296,0.0268727663846296,0.0,False
5,historical_peak,0.99,current_drawdown_stratified,0.964509394572025,-0.02549060542797499,0.0012669803036440633,0.25179436736132477,0.029275529405232297,0.0,False
5,historical_peak,0.99,volatility_stratified,0.9812108559498957,-0.008789144050104336,0.0009873505035575942,0.25404391891155137,0.012316933742777444,0.0,False
5,historical_peak,0.99,regime_stratified,0.9812108559498957,-0.008789144050104336,0.0008945776587506096,0.25295165862057495,0.012213238295060696,0.162839248434238,False
5,historical_peak,0.99,current_drawdown_regime,0.964509394572025,-0.02549060542797499,0.001226392705522993,0.25252671030230617,0.029242265236521042,0.16910229645093947,False
5,historical_peak,0.99,volatility_regime,0.9832985386221295,-0.006701461377870532,0.0009957460785627707,0.2568274019261528,0.01026548147569483,0.162839248434238,True
10,origin_peak,0.8,global,0.7672955974842768,-0.03270440251572326,0.010876830864969564,0.0456263342122666,0.0440374967228155,0.0,False
10,origin_peak,0.8,current_drawdown_stratified,0.8092243186582809,0.009224318658280883,0.011405674422717081,0.049668592861993814,0.021126679009617903,0.0,False
10,origin_peak,0.8,volatility_stratified,0.7777777777777778,-0.022222222222222254,0.010915718487301506,0.04648986279362341,0.03360283933746,0.0,False
10,origin_peak,0.8,regime_stratified,0.8155136268343816,0.015513626834381511,0.01068373835161614,0.050762094393656226,0.026704986129934213,0.16352201257861634,False
10,origin_peak,0.8,current_drawdown_regime,0.8029350104821803,0.002935010482180256,0.011508311324311387,0.04890226404230466,0.01493234444691469,0.16981132075471697,True
10,origin_peak,0.8,volatility_regime,0.8553459119496856,0.05534591194968552,0.010983977955380834,0.05468874583340013,0.06687677736340036,0.16352201257861634,False
10,origin_peak,0.9,global,0.8364779874213837,-0.06352201257861634,0.008449175912446363,0.058591451800502604,0.07255710300906772,0.0,False
10,origin_peak,0.9,current_drawdown_stratified,0.8574423480083857,-0.04255765199161432,0.0092109823496539,0.0666083531873759,0.05243471787314198,0.0,False
10,origin_peak,0.9,volatility_stratified,0.8427672955974843,-0.05723270440251571,0.00831144678978615,0.062364507150613396,0.066167796263808,0.0,False
10,origin_peak,0.9,regime_stratified,0.8511530398322851,-0.04884696016771495,0.00790069290530633,0.06605833083311621,0.057408236381352444,0.16352201257861634,False
10,origin_peak,0.9,current_drawdown_regime,0.8532494758909853,-0.0467505241090147,0.00931873991581322,0.06575306790390593,0.05672679470386698,0.16981132075471697,False
10,origin_peak,0.9,volatility_regime,0.8930817610062893,-0.00691823899371069,0.008523534432944386,0.0752923096551945,0.01619469652320702,0.16352201257861634,True
10,origin_peak,0.95,global,0.8930817610062893,-0.056918238993710624,0.0055773387960553426,0.07684853148164701,0.06326406310458244,0.0,False
10,origin_peak,0.95,current_drawdown_stratified,0.8909853249475891,-0.05901467505241087,0.00690865179508976,0.08424810482312142,0.06676580789573185,0.0,False
10,origin_peak,0.95,volatility_stratified,0.8805031446540881,-0.06949685534591188,0.0055427716026146415,0.07806505420331805,0.0758202774905597,0.0,False
10,origin_peak,0.95,regime_stratified,0.939203354297694,-0.010796645702305985,0.005139977575408593,0.08833087860793538,0.01681993206379393,0.16352201257861634,True
10,origin_peak,0.95,current_drawdown_regime,0.89937106918239,-0.050628930817609996,0.0064400253460505045,0.08667395556375687,0.05793569571929807,0.16981132075471697,False
10,origin_peak,0.95,volatility_regime,0.9371069182389937,-0.012893081761006231,0.005526299482742463,0.09001582546022845,0.01931953949835098,0.16352201257861634,False
10,origin_peak,0.99,global,0.9685534591194969,-0.02144654088050313,0.0018606748113728557,0.11647205184569535,0.024471936210332938,0.0,False
10,origin_peak,0.99,current_drawdown_stratified,0.9517819706498952,-0.038218029350104765,0.002467906874315424,0.10824313024079464,0.04176836752682814,0.0,False
10,origin_peak,0.99,volatility_stratified,0.9706498951781971,-0.019350104821802883,0.0019477973460881128,0.11573681338483473,0.022455270301739345,0.0,True
10,origin_peak,0.99,regime_stratified,0.9685534591194969,-0.02144654088050313,0.0018319780475262466,0.1177428630304675,0.024455947558334048,0.16352201257861634,False
10,origin_peak,0.99,current_drawdown_regime,0.9517819706498952,-0.038218029350104765,0.0023539389277484344,0.11228620529637671,0.041694830330816966,0.16981132075471697,False
10,origin_peak,0.99,volatility_regime,0.9706498951781971,-0.019350104821802883,0.0019412698677390178,0.1190381867728925,0.022481756557270825,0.16352201257861634,False
10,historical_peak,0.8,global,0.7693920335429769,-0.030607966457023128,0.008997225975198917,0.22168483626039942,0.04182204079482604,0.0,False
10,historical_peak,0.8,current_drawdown_stratified,0.8134171907756813,0.013417190775681265,0.009567983620075824,0.2266280175547178,0.025251454571304267,0.0,False
10,historical_peak,0.8,volatility_stratified,0.7610062893081762,-0.03899371069182389,0.009057584373199713,0.22273619402524789,0.05027865700527608,0.0,False
10,historical_peak,0.8,regime_stratified,0.8218029350104822,0.02180293501048214,0.00889873542835959,0.22611737878435506,0.03296284422668528,0.16352201257861634,False
10,historical_peak,0.8,current_drawdown_regime,0.8050314465408805,0.005031446540880502,0.009579425530985616,0.22582398676467985,0.016869111939512918,0.16981132075471697,True
10,historical_peak,0.8,volatility_regime,0.8490566037735849,0.049056603773584895,0.009358742129991736,0.22999728752982893,0.06071531877887492,0.16352201257861634,False
10,historical_peak,0.9,global,0.8511530398322851,-0.04884696016771495,0.006791230757457433,0.23286365948480908,0.05796682752002047,0.0,False
10,historical_peak,0.9,current_drawdown_stratified,0.8742138364779874,-0.025786163522012573,0.007555872515771406,0.24395815518493735,0.03578161758963335,0.0,False
10,historical_peak,0.9,volatility_stratified,0.8532494758909853,-0.0467505241090147,0.0067516180629470885,0.2342597143886659,0.05584473931584845,0.0,False
10,historical_peak,0.9,regime_stratified,0.8784067085953878,-0.02159329140461219,0.006496656232695379,0.23873802112618506,0.03047732784856942,0.16352201257861634,False
10,historical_peak,0.9,current_drawdown_regime,0.870020964360587,-0.029979035639413065,0.0075762949885326775,0.24304212601268896,0.03998575188807263,0.16981132075471697,False
10,historical_peak,0.9,volatility_regime,0.9056603773584906,0.005660377358490565,0.007010953607971617,0.24483633151698594,0.015119694281632042,0.16352201257861634,True
10,historical_peak,0.95,global,0.89937106918239,-0.050628930817609996,0.004597442946965424,0.2466681891891908,0.057693055656467325,0.0,False
10,historical_peak,0.95,current_drawdown_stratified,0.909853249475891,-0.04014675052410899,0.005372690947672192,0.2563211668793836,0.04808265314057501,0.0,False
10,historical_peak,0.95,volatility_stratified,0.89937106918239,-0.050628930817609996,0.00449785990772024,0.24929505828249557,0.05761974130815519,0.0,False
10,historical_peak,0.95,regime_stratified,0.9454926624737946,-0.004507337526205357,0.004215552795613186,0.2600597815117669,0.011323488136936212,0.16352201257861634,True
10,historical_peak,0.95,current_drawdown_regime,0.909853249475891,-0.04014675052410899,0.005295747790007488,0.2566595896254142,0.04800909421037061,0.16981132075471697,False
10,historical_peak,0.95,volatility_regime,0.939203354297694,-0.010796645702305985,0.004525168882993018,0.2603171553570309,0.017924986138869312,0.16352201257861634,False
10,historical_peak,0.99,global,0.9706498951781971,-0.019350104821802883,0.0014788912757146115,0.281515478090623,0.023644150878423722,0.0,False
10,historical_peak,0.99,current_drawdown_stratified,0.9559748427672956,-0.034025157232704384,0.0018658173733808326,0.27958004774367234,0.03868677508352194,0.0,False
10,historical_peak,0.99,volatility_stratified,0.9769392033542977,-0.013060796645702255,0.0014578811242386158,0.28559884383200584,0.01737466620826093,0.0,False
10,historical_peak,0.99,regime_stratified,0.9769392033542977,-0.013060796645702255,0.0013912969964445534,0.28766636343814217,0.01732875727652823,0.16352201257861634,True
10,historical_peak,0.99,current_drawdown_regime,0.9559748427672956,-0.034025157232704384,0.0017801958568753693,0.28226069741771764,0.038627960063756926,0.16981132075471697,False
10,historical_peak,0.99,volatility_regime,0.9769392033542977,-0.013060796645702255,0.0014850396958681375,0.2873786564331281,0.017419622905901676,0.16352201257861634,False
20,origin_peak,0.8,global,0.7040169133192389,-0.09598308668076116,0.017449907551104444,0.06671832429603065,0.11410017747482591,0.0,False
20,origin_peak,0.8,current_drawdown_stratified,0.758985200845666,-0.041014799154334036,0.01846457042479648,0.08076054183733182,0.06028697499750383,0.0,False
20,origin_peak,0.8,volatility_stratified,0.7293868921775899,-0.07061310782241015,0.017278283769858915,0.07161949489985446,0.08860758654126762,0.0,False
20,origin_peak,0.8,regime_stratified,0.7906976744186046,-0.009302325581395432,0.01623842860505652,0.0806734224360603,0.026347488410812556,0.1649048625792812,True
20,origin_peak,0.8,current_drawdown_regime,0.758985200845666,-0.041014799154334036,0.018033603043574903,0.08100029405353058,0.059858405138444246,0.17124735729386892,False
20,origin_peak,0.8,volatility_regime,0.86892177589852,0.06892177589852,0.018289218826876095,0.09671803341580677,0.08817817505955416,0.1649048625792812,False
20,origin_peak,0.9,global,0.8012684989429175,-0.0987315010570825,0.013382338263337724,0.08855453560659621,0.11299938467648618,0.0,False
20,origin_peak,0.9,current_drawdown_stratified,0.8033826638477801,-0.0966173361522199,0.014440272446859328,0.10400692458333317,0.11209767784491256,0.0,False
20,origin_peak,0.9,volatility_stratified,0.7970401691331924,-0.1029598308668076,0.013747563570230393,0.09272289112470421,0.11763462334828503,0.0,False
20,origin_peak,0.9,regime_stratified,0.8731501057082452,-0.026849894291754772,0.012140716743516458,0.10197297134593789,0.04001034074873061,0.1649048625792812,False
20,origin_peak,0.9,current_drawdown_regime,0.8202959830866807,-0.0797040169133193,0.014068211597611374,0.10496362904002214,0.0948218648013309,0.17124735729386892,False
20,origin_peak,0.9,volatility_regime,0.9133192389006343,0.013319238900634245,0.013886428260181544,0.11948425166882543,0.02840050967750404,0.1649048625792812,True
20,origin_peak,0.95,global,0.879492600422833,-0.07050739957716701,0.009408487723441945,0.11046840201369193,0.08102057132074586,0.0,False
20,origin_peak,0.95,current_drawdown_stratified,0.9175475687103594,-0.03245243128964059,0.01021844169595303,0.13065037999113768,0.04397737678550499,0.0,False
20,origin_peak,0.95,volatility_stratified,0.8435517970401691,-0.10644820295983082,0.010453121247392493,0.1068000690102961,0.11796932489732627,0.0,False
20,origin_peak,0.95,regime_stratified,0.9408033826638478,-0.00919661733615218,0.0083284114550043,0.13346168293431676,0.018859645620499646,0.1649048625792812,True
20,origin_peak,0.95,current_drawdown_regime,0.919661733615222,-0.03033826638477799,0.009935983419637202,0.13268084227867621,0.041601058227201955,0.17124735729386892,False
20,origin_peak,0.95,volatility_regime,0.9260042283298098,-0.02399577167019018,0.010049617952533414,0.1379289500830081,0.03542467912355367,0.1649048625792812,False
20,origin_peak,0.99,global,0.9619450317124736,-0.028054968287526405,0.0038691754693416422,0.17251352542627155,0.03364927901113077,0.0,False
20,origin_peak,0.99,current_drawdown_stratified,0.9386892177589852,-0.05131078224101482,0.005924871841259857,0.1552522951427652,0.05878817703370233,0.0,False
20,origin_peak,0.99,volatility_stratified,0.9619450317124736,-0.028054968287526405,0.00418570911857202,0.17125657095286304,0.03395324311562706,0.0,False
20,origin_peak,0.99,regime_stratified,0.9640591966173362,-0.025940803382663802,0.003464515059158777,0.18546265874865106,0.03125994502930909,0.1649048625792812,True
20,origin_peak,0.99,current_drawdown_regime,0.9408033826638478,-0.049196617336152215,0.005802845598146834,0.16314918452475774,0.056630954779546626,0.17124735729386892,False
20,origin_peak,0.99,volatility_regime,0.9619450317124736,-0.028054968287526405,0.004170262383700228,0.17423137983397738,0.0339675444695664,0.1649048625792812,False
20,historical_peak,0.8,global,0.7568710359408034,-0.04312896405919664,0.013726954114262615,0.23828766811916188,0.05923879485465087,0.0,False
20,historical_peak,0.8,current_drawdown_stratified,0.7822410147991543,-0.017758985200845734,0.014856921952729033,0.24683339495542295,0.035084241103128994,0.0,False
20,historical_peak,0.8,volatility_stratified,0.7526427061310782,-0.047357293868921846,0.013736437195061613,0.24042375784261755,0.06349796864240963,0.0,False
20,historical_peak,0.8,regime_stratified,0.8033826638477801,0.0033826638477800763,0.013421189014055585,0.24446723754302155,0.019248525237265876,0.1649048625792812,True
20,historical_peak,0.8,current_drawdown_regime,0.7568710359408034,-0.04312896405919664,0.015178170367382365,0.24475979688980457,0.06075473239547705,0.17124735729386892,False
20,historical_peak,0.8,volatility_regime,0.8625792811839323,0.0625792811839323,0.015438365521079803,0.25965371893417655,0.08061418389435386,0.1649048625792812,False
20,historical_peak,0.9,global,0.8224101479915433,-0.0775898520084567,0.010985874119820905,0.2527779492321818,0.09110350562059942,0.0,False
20,historical_peak,0.9,current_drawdown_stratified,0.8562367864693446,-0.043763213530655376,0.011742304789104045,0.26945860987658066,0.058200104418525224,0.0,False
20,historical_peak,0.9,volatility_stratified,0.8308668076109936,-0.06913319238900639,0.010800162595074925,0.2582776012183251,0.08251613099626456,0.0,False
20,historical_peak,0.9,regime_stratified,0.8858350951374208,-0.014164904862579264,0.009916759900934486,0.26910527141891616,0.02677271747770291,0.1649048625792812,False
20,historical_peak,0.9,current_drawdown_regime,0.8435517970401691,-0.056448202959830884,0.012058319531440567,0.26713876501303824,0.07117791014140183,0.17124735729386892,False
20,historical_peak,0.9,volatility_regime,0.9027484143763214,0.0027484143763213398,0.01144843646506397,0.28172546687305705,0.017014105510115878,0.1649048625792812,True
20,historical_peak,0.95,global,0.8858350951374208,-0.0641649048625792,0.007588926908372852,0.2751519448875602,0.07450535121982764,0.0,False
20,historical_peak,0.95,current_drawdown_stratified,0.9133192389006343,-0.03668076109936569,0.00854831488534942,0.29664782520519845,0.048195554236767094,0.0,False
20,historical_peak,0.95,volatility_stratified,0.8900634249471459,-0.0599365750528541,0.007741069213748377,0.2760905719994653,0.07043854998659714,0.0,False
20,historical_peak,0.95,regime_stratified,0.9556025369978859,0.005602536997885932,0.0068776869520504325,0.30213028001230585,0.015501526750059422,0.1649048625792812,True
20,historical_peak,0.95,current_drawdown_regime,0.9281183932346723,-0.021881606765327688,0.00831546432076651,0.2975077245886839,0.03317214833198104,0.17124735729386892,False
20,historical_peak,0.95,volatility_regime,0.9365750528541226,-0.013424947145877386,0.008086187652921425,0.30261957029088704,0.024537330501707685,0.1649048625792812,False
20,historical_peak,0.99,global,0.9640591966173362,-0.025940803382663802,0.0027521160824628653,0.33786896557992624,0.03207160912092593,0.0,False
20,historical_peak,0.99,current_drawdown_stratified,0.9534883720930233,-0.03651162790697671,0.004485941134925933,0.3170774088784907,0.04416834313068754,0.0,False
20,historical_peak,0.99,volatility_stratified,0.9619450317124736,-0.028054968287526405,0.0030747163605378764,0.33288075829607705,0.034458492231025054,0.0,False
20,historical_peak,0.99,regime_stratified,0.9640591966173362,-0.025940803382663802,0.0027047174479741458,0.3394226967519632,0.03203974779815758,0.1649048625792812,True
20,historical_peak,0.99,current_drawdown_regime,0.9556025369978859,-0.034397463002114104,0.004389956737468581,0.3244007410607839,0.04203142715019052,0.17124735729386892,False
20,historical_peak,0.99,volatility_regime,0.9619450317124736,-0.028054968287526405,0.003077478926780958,0.3365708829967395,0.03449815604427476,0.1649048625792812,False
40,origin_peak,0.8,global,0.6559139784946236,-0.14408602150537642,0.02800438574761167,0.09327551251061196,0.1730231623780942,0.0,False
40,origin_peak,0.8,current_drawdown_stratified,0.7956989247311828,-0.004301075268817289,0.026516926892770354,0.11855133296920715,0.032003515491279715,0.0,True
40,origin_peak,0.8,volatility_stratified,0.6516129032258065,-0.1483870967741936,0.028064047766291084,0.09522946623672755,0.17740343920285195,0.0,False
40,origin_peak,0.8,regime_stratified,0.6989247311827957,-0.1010752688172043,0.026248811629025964,0.10299070161066633,0.12835398746233692,0.16774193548387098,False
40,origin_peak,0.8,current_drawdown_regime,0.7913978494623656,-0.008602150537634468,0.026311132464338187,0.11662211865864423,0.0360795041885591,0.17204301075268819,False
40,origin_peak,0.8,volatility_regime,0.6838709677419355,-0.11612903225806459,0.027485760221895816,0.10054299978477192,0.14462022247780812,0.4559139784946237,False
40,origin_peak,0.9,global,0.7290322580645161,-0.17096774193548392,0.022858076059894736,0.11825763341083653,0.19500839432948702,0.0,False
40,origin_peak,0.9,current_drawdown_stratified,0.8365591397849462,-0.0634408602150538,0.02204029670557693,0.14310616246199134,0.08691221854525064,0.0,False
40,origin_peak,0.9,volatility_stratified,0.7139784946236559,-0.1860215053763441,0.023432309978580777,0.12078779772304339,0.21066169333215531,0.0,False
40,origin_peak,0.9,regime_stratified,0.8795698924731182,-0.02043010752688179,0.01893907238357676,0.15140790996449907,0.040883259010103534,0.16774193548387098,True
40,origin_peak,0.9,current_drawdown_regime,0.8365591397849462,-0.0634408602150538,0.022171387809900606,0.14151963951039803,0.08702744442005839,0.17204301075268819,False
40,origin_peak,0.9,volatility_regime,0.7440860215053764,-0.15591397849462363,0.021753211502397972,0.13326190637540142,0.17899980906077562,0.4559139784946237,False
40,origin_peak,0.95,global,0.8795698924731182,-0.07043010752688172,0.014863243025990666,0.1734663107156375,0.08702801366002877,0.0,False
40,origin_peak,0.95,current_drawdown_stratified,0.8774193548387097,-0.07258064516129026,0.017907537101874562,0.17799240065758126,0.09226810626974064,0.0,False
40,origin_peak,0.95,volatility_stratified,0.8924731182795699,-0.05752688172043008,0.014975116467754332,0.17162078181728083,0.07421820600635722,0.0,False
40,origin_peak,0.95,regime_stratified,0.9118279569892473,-0.03817204301075261,0.013415442668404609,0.19323016380413946,0.053519787317198614,0.16774193548387098,True
40,origin_peak,0.95,current_drawdown_regime,0.8731182795698925,-0.07688172043010744,0.0182633395963287,0.1814401032989499,0.09695946105942563,0.17204301075268819,False
40,origin_peak,0.95,volatility_regime,0.8946236559139785,-0.055376344086021434,0.014486934754471074,0.1870271876294809,0.07173355071678732,0.4559139784946237,False
40,origin_peak,0.99,global,0.9376344086021505,-0.052365591397849465,0.005517176123554277,0.2475418895784692,0.06035818641718843,0.0,False
40,origin_peak,0.99,current_drawdown_stratified,0.8924731182795699,-0.09752688172043011,0.011469760613829965,0.20382406378192117,0.1110348829720793,0.0,False
40,origin_peak,0.99,volatility_stratified,0.9311827956989247,-0.05881720430107529,0.006081707084960274,0.23564066745628295,0.0672553180605984,0.0,False
40,origin_peak,0.99,regime_stratified,0.9440860215053763,-0.04591397849462364,0.005124496409071399,0.2540659025698122,0.05357913392939317,0.16774193548387098,True
40,origin_peak,0.99,current_drawdown_regime,0.8946236559139785,-0.09537634408602147,0.011302136569736478,0.2173434254493646,0.10885191491025159,0.17204301075268819,False
40,origin_peak,0.99,volatility_regime,0.9333333333333333,-0.05666666666666664,0.00548167134877886,0.24795220523500422,0.06462786006779554,0.4559139784946237,False
40,historical_peak,0.8,global,0.7247311827956989,-0.07526881720430112,0.021689512270555305,0.2582469599855373,0.0995407990747118,0.0,False
40,historical_peak,0.8,current_drawdown_stratified,0.7698924731182796,-0.03010752688172047,0.022856173081494312,0.2719445927076434,0.05568314589029122,0.0,True
40,historical_peak,0.8,volatility_stratified,0.7247311827956989,-0.07526881720430112,0.021806164575834418,0.25923767522584185,0.09966735853239396,0.0,False
40,historical_peak,0.8,regime_stratified,0.7612903225806451,-0.03870967741935494,0.020566676115703984,0.2695776768646039,0.06197213030370496,0.16774193548387098,False
40,historical_peak,0.8,current_drawdown_regime,0.7419354838709677,-0.058064516129032295,0.0234537370451935,0.26829533280693296,0.08420120650229512,0.17204301075268819,False
40,historical_peak,0.8,volatility_regime,0.7333333333333333,-0.06666666666666676,0.021701025689511787,0.26593312512835,0.09102702360746205,0.4559139784946237,False
40,historical_peak,0.9,global,0.7677419354838709,-0.1322580645161291,0.018273674174923548,0.2779291703792959,0.1533110303948456,0.0,False
40,historical_peak,0.9,current_drawdown_stratified,0.8408602150537634,-0.05913978494623662,0.01952343283493662,0.3079012657192075,0.08174223043836532,0.0,False
40,historical_peak,0.9,volatility_stratified,0.7741935483870968,-0.12580645161290327,0.018277775173033434,0.28106656087688386,0.14689489239470555,0.0,False
40,historical_peak,0.9,regime_stratified,0.896774193548387,-0.003225806451612967,0.015697732484695637,0.30890857484883155,0.02201262468479692,0.16774193548387098,True
40,historical_peak,0.9,current_drawdown_regime,0.8408602150537634,-0.05913978494623662,0.019371853306761715,0.30542812173952716,0.08156591947039361,0.17204301075268819,False
40,historical_peak,0.9,volatility_regime,0.7806451612903226,-0.11935483870967745,0.018226754467126387,0.2914194144770444,0.14049578732157428,0.4559139784946237,False
40,historical_peak,0.95,global,0.9010752688172043,-0.04892473118279561,0.012396947260558431,0.32409982038647445,0.06456267664721878,0.0,False
40,historical_peak,0.95,current_drawdown_stratified,0.8559139784946237,-0.09408602150537626,0.01564267613141736,0.33893538595033584,0.11311805149629697,0.0,False
40,historical_peak,0.95,volatility_stratified,0.8946236559139785,-0.055376344086021434,0.01225612051148526,0.3302550833305777,0.07093501543081246,0.0,False
40,historical_peak,0.95,regime_stratified,0.9118279569892473,-0.03817204301075261,0.010924218676402739,0.350807112566382,0.05260433281281917,0.16774193548387098,True
40,historical_peak,0.95,current_drawdown_regime,0.853763440860215,-0.0962365591397849,0.01591307792080089,0.3398665731112187,0.11554830279169799,0.17204301075268819,False
40,historical_peak,0.95,volatility_regime,0.8989247311827957,-0.051075268817204256,0.011799121970050239,0.34329312889487346,0.06630732207620324,0.4559139784946237,False
40,historical_peak,0.99,global,0.9505376344086022,-0.03946236559139782,0.0038710766198236015,0.40512792418674765,0.0473847214530889,0.0,False
40,historical_peak,0.99,current_drawdown_stratified,0.886021505376344,-0.10397849462365594,0.009838686883135907,0.3579416135613266,0.11739659764240512,0.0,False
40,historical_peak,0.99,volatility_stratified,0.9354838709677419,-0.05451612903225811,0.004293531585581218,0.39096457474403484,0.06271930636527967,0.0,False
40,historical_peak,0.99,regime_stratified,0.9526881720430107,-0.037311827956989285,0.0036060198400133816,0.4105488546300191,0.045023336343302856,0.16774193548387098,True
40,historical_peak,0.99,current_drawdown_regime,0.8903225806451613,-0.09967741935483865,0.009521040634614404,0.37165315063418,0.11291499149579484,0.17204301075268819,False
40,historical_peak,0.99,volatility_regime,0.946236559139785,-0.043763440860215,0.0038035645474323123,0.40527404250591037,0.05161974583270641,0.4559139784946237,False
60,origin_peak,0.8,global,0.5798687089715536,-0.22013129102844642,0.036740692407096036,0.11737073403872844,0.25804569077592976,0.0,False
60,origin_peak,0.8,current_drawdown_stratified,0.787746170678337,-0.012253829321663079,0.03411266813463277,0.13999321565519682,0.04776642961284781,0.0,True
60,origin_peak,0.8,volatility_stratified,0.5514223194748359,-0.24857768052516416,0.037217311267317525,0.11439619319677298,0.28693895372444944,0.0,False
60,origin_peak,0.8,regime_stratified,0.774617067833698,-0.025382932166302052,0.031425812893520914,0.14448954576760836,0.05825364051749905,0.17067833698030635,False
60,origin_peak,0.8,current_drawdown_regime,0.7702407002188184,-0.029759299781181636,0.03427117646107204,0.13662754206482938,0.06539675166290197,0.175054704595186,False
60,origin_peak,0.8,volatility_regime,0.5886214442013129,-0.21137855579868714,0.03622794459697953,0.1272749658164576,0.24887925005383124,0.4682713347921225,False
60,origin_peak,0.9,global,0.7811816192560175,-0.11881838074398254,0.028105195927792898,0.15881070292995575,0.148511683701075,0.0,False
60,origin_peak,0.9,current_drawdown_stratified,0.8358862144420132,-0.06411378555798686,0.029694186141854758,0.1697800315517076,0.09550577201535869,0.0,False
60,origin_peak,0.9,volatility_stratified,0.75054704595186,-0.14945295404814007,0.028811248820039173,0.15395168531914752,0.17980371972137071,0.0,False
60,origin_peak,0.9,regime_stratified,0.849015317286652,-0.050984682713347995,0.025918560955620795,0.1786414543340904,0.0786896582123097,0.17067833698030635,True
60,origin_peak,0.9,current_drawdown_regime,0.8315098468271335,-0.06849015317286655,0.03115464432287866,0.16641356305599572,0.10130893312630518,0.175054704595186,False
60,origin_peak,0.9,volatility_regime,0.7921225382932167,-0.10787746170678336,0.027582802850004588,0.1611822548422894,0.13707208710521085,0.4682713347921225,False
60,origin_peak,0.95,global,0.862144420131291,-0.08785557986870896,0.021848098465607053,0.19306195052820616,0.11163429783959807,0.0,False
60,origin_peak,0.95,current_drawdown_stratified,0.8468271334792122,-0.10317286652078772,0.025105522969676688,0.19588785440536513,0.13023726803451807,0.0,False
60,origin_peak,0.95,volatility_stratified,0.8665207877461707,-0.08347921225382926,0.020968899951786985,0.2123952489535382,0.10657206469515162,0.0,False
60,origin_peak,0.95,regime_stratified,0.8840262582056893,-0.0659737417943107,0.018397417307527555,0.22788426120368685,0.08665000171387513,0.17067833698030635,True
60,origin_peak,0.95,current_drawdown_regime,0.8446389496717724,-0.10536105032822751,0.025774840391815254,0.1983418898327286,0.13311930961837007,0.175054704595186,False
60,origin_peak,0.95,volatility_regime,0.8687089715536105,-0.08129102844638947,0.02046750064454454,0.21438499773510122,0.10390237906828502,0.4682713347921225,False
60,origin_peak,0.99,global,0.9080962800875274,-0.08190371991247258,0.012044024526956472,0.2629283532403934,0.09657702797183298,0.0,False
60,origin_peak,0.99,current_drawdown_stratified,0.8643326039387309,-0.1256673960612691,0.017343676815333338,0.23339289579583192,0.14534500183456073,0.0,False
60,origin_peak,0.99,volatility_stratified,0.9015317286652079,-0.08846827133479207,0.01376608307809677,0.24913381017216507,0.10472569251461049,0.0,False
60,origin_peak,0.99,regime_stratified,0.912472647702407,-0.077527352297593,0.010557463395072022,0.2780399537741971,0.09086521523040698,0.17067833698030635,True
60,origin_peak,0.99,current_drawdown_regime,0.8643326039387309,-0.1256673960612691,0.017805628417477033,0.24176612739350414,0.14589068575268116,0.175054704595186,False
60,origin_peak,0.99,volatility_regime,0.9015317286652079,-0.08846827133479207,0.011634077525776542,0.26538739317244925,0.1027562227922931,0.4682713347921225,False
60,historical_peak,0.8,global,0.6630196936542669,-0.1369803063457331,0.02967430827577136,0.27720044782537506,0.1694266190997582,0.0,False
60,historical_peak,0.8,current_drawdown_stratified,0.7636761487964989,-0.03632385120350112,0.0308794350030006,0.2932579942515944,0.07013586614901766,0.0,False
60,historical_peak,0.8,volatility_stratified,0.649890590809628,-0.15010940919037208,0.03017758545210421,0.2766775023295445,0.18305376966577175,0.0,False
60,historical_peak,0.8,regime_stratified,0.7658643326039387,-0.03413566739606133,0.027324170878155026,0.2940055621381417,0.06439989389559778,0.17067833698030635,True
60,historical_peak,0.8,current_drawdown_regime,0.7549234135667396,-0.0450765864332604,0.03163132671335921,0.28837983832428027,0.07959171152986243,0.175054704595186,False
60,historical_peak,0.8,volatility_regime,0.6892778993435449,-0.11072210065645516,0.029675945845102733,0.28459287003483885,0.1432439752019063,0.4682713347921225,False
60,historical_peak,0.9,global,0.7724288840262582,-0.12757111597374182,0.025096142124979178,0.30274984277203265,0.15569475652644132,0.0,False
60,historical_peak,0.9,current_drawdown_stratified,0.8161925601750547,-0.08380743982494532,0.02745333567365955,0.32978756576583557,0.11455865115626322,0.0,False
60,historical_peak,0.9,volatility_stratified,0.7658643326039387,-0.1341356673960613,0.025600740008998684,0.3027616671659943,0.16276402407671992,0.0,False
60,historical_peak,0.9,regime_stratified,0.8665207877461707,-0.03347921225382933,0.021977962839850585,0.3324107151101532,0.05878128224478144,0.17067833698030635,True
60,historical_peak,0.9,current_drawdown_regime,0.8183807439824945,-0.08161925601750553,0.027421124156666924,0.3273643480083988,0.11231402365425644,0.175054704595186,False
60,historical_peak,0.9,volatility_regime,0.7855579868708972,-0.11444201312910285,0.02489617090037492,0.31214620341978194,0.1424596460636756,0.4682713347921225,False
60,historical_peak,0.95,global,0.8665207877461707,-0.08347921225382926,0.018633036877980975,0.34489967033262225,0.10556124583513646,0.0,False
60,historical_peak,0.95,current_drawdown_stratified,0.8315098468271335,-0.11849015317286649,0.02318730693889388,0.34807183461305913,0.14515817845789095,0.0,False
60,historical_peak,0.95,volatility_stratified,0.8643326039387309,-0.08566739606126905,0.01739706197779125,0.37422869714351265,0.10680674501049543,0.0,False
60,historical_peak,0.95,regime_stratified,0.8905908096280087,-0.059409190371991216,0.014380700579636979,0.38886349921595836,0.07767852594378777,0.17067833698030635,True
60,historical_peak,0.95,current_drawdown_regime,0.8446389496717724,-0.10536105032822751,0.02253903679530152,0.3533496151517509,0.13143358327504656,0.175054704595186,False
60,historical_peak,0.95,volatility_regime,0.8796498905908097,-0.07035010940919029,0.01663037874754421,0.3737990124272041,0.09071847828100654,0.4682713347921225,False
60,historical_peak,0.99,global,0.9102844638949672,-0.07971553610503279,0.008571700435894735,0.41754802013197717,0.0924627167422473,0.0,False
60,historical_peak,0.99,current_drawdown_stratified,0.8665207877461707,-0.1234792122538293,0.016894310604486474,0.3757280221934829,0.1441308030802506,0.0,False
60,historical_peak,0.99,volatility_stratified,0.9080962800875274,-0.08190371991247258,0.010015014437544434,0.40884177544630695,0.09600715210448009,0.0,False
60,historical_peak,0.99,regime_stratified,0.9190371991247265,-0.07096280087527351,0.0068457899027702,0.4362094320263449,0.08217068509830716,0.17067833698030635,True
60,historical_peak,0.99,current_drawdown_regime,0.8643326039387309,-0.1256673960612691,0.017506309641781917,0.3840294803121994,0.147014000506173,0.175054704595186,False
60,historical_peak,0.99,volatility_regime,0.9080962800875274,-0.08190371991247258,0.008034372221196667,0.4228632637482439,0.09416672477115169,0.4682713347921225,False
